-- phpMyAdmin SQL Dump
-- version 3.5.2.2
-- http://www.phpmyadmin.net
--
-- Host: 127.0.0.1
-- Generation Time: Mar 09, 2015 at 04:04 PM
-- Server version: 5.5.27
-- PHP Version: 5.4.7

SET SQL_MODE="NO_AUTO_VALUE_ON_ZERO";
SET time_zone = "+00:00";


/*!40101 SET @OLD_CHARACTER_SET_CLIENT=@@CHARACTER_SET_CLIENT */;
/*!40101 SET @OLD_CHARACTER_SET_RESULTS=@@CHARACTER_SET_RESULTS */;
/*!40101 SET @OLD_COLLATION_CONNECTION=@@COLLATION_CONNECTION */;
/*!40101 SET NAMES utf8 */;

--
-- Database: `optimocms2`
--

-- --------------------------------------------------------

--
-- Table structure for table `os_banner`
--

DROP TABLE IF EXISTS `os_banner`;
CREATE TABLE IF NOT EXISTS `os_banner` (
  `id` int(11) NOT NULL AUTO_INCREMENT COMMENT 'ID',
  `category` int(11) NOT NULL DEFAULT '0' COMMENT 'Category',
  `title` varchar(250) CHARACTER SET utf8 NOT NULL COMMENT 'Banner',
  `image` varchar(250) COLLATE utf8_unicode_ci DEFAULT NULL COMMENT 'Image',
  `clickurl` varchar(250) CHARACTER SET utf8 DEFAULT NULL COMMENT 'Click URL',
  `details` text CHARACTER SET utf8 COMMENT 'Details',
  `status` tinyint(1) DEFAULT '1' COMMENT 'Status',
  `sticky` tinyint(1) DEFAULT '0' COMMENT 'Sticky',
  `ordering` int(11) DEFAULT NULL COMMENT 'Ordering',
  `created_on` timestamp NULL DEFAULT NULL COMMENT 'Created On',
  `created_by` int(11) DEFAULT NULL COMMENT 'Created By',
  `publish_up` datetime DEFAULT '0000-00-00 00:00:00' COMMENT 'Publish Up',
  `publish_down` datetime DEFAULT '0000-00-00 00:00:00' COMMENT 'Publish Down',
  PRIMARY KEY (`id`),
  KEY `idx_banner_catid` (`category`)
) ENGINE=InnoDB DEFAULT CHARSET=utf8 COLLATE=utf8_unicode_ci AUTO_INCREMENT=1 ;

-- --------------------------------------------------------

--
-- Table structure for table `os_banner_category`
--

DROP TABLE IF EXISTS `os_banner_category`;
CREATE TABLE IF NOT EXISTS `os_banner_category` (
  `id` int(11) NOT NULL AUTO_INCREMENT COMMENT 'ID',
  `parent` int(11) NOT NULL COMMENT 'Parent',
  `title` varchar(150) NOT NULL COMMENT 'Category',
  `details` text COMMENT 'Details',
  `status` tinyint(1) DEFAULT '1' COMMENT 'Status',
  PRIMARY KEY (`id`),
  KEY `cat_idx` (`status`)
) ENGINE=InnoDB DEFAULT CHARSET=utf8 AUTO_INCREMENT=1 ;

-- --------------------------------------------------------

--
-- Table structure for table `os_city`
--

DROP TABLE IF EXISTS `os_city`;
CREATE TABLE IF NOT EXISTS `os_city` (
  `id` int(11) NOT NULL AUTO_INCREMENT COMMENT 'ID',
  `country_id` int(11) NOT NULL COMMENT 'country',
  `state_id` int(11) NOT NULL COMMENT 'State',
  `city_name` varchar(250) COLLATE utf8_unicode_ci NOT NULL COMMENT 'City',
  `city_3_code` varchar(3) COLLATE utf8_unicode_ci DEFAULT NULL COMMENT 'Code 3',
  `city_2_code` varchar(2) COLLATE utf8_unicode_ci DEFAULT NULL COMMENT 'Code 2',
  `ordering` int(11) DEFAULT NULL COMMENT 'Ordering',
  `status` tinyint(1) DEFAULT '1' COMMENT 'Status',
  PRIMARY KEY (`id`),
  KEY `city_country` (`country_id`),
  KEY `city_state` (`state_id`)
) ENGINE=InnoDB  DEFAULT CHARSET=utf8 COLLATE=utf8_unicode_ci AUTO_INCREMENT=78 ;

--
-- Dumping data for table `os_city`
--

INSERT INTO `os_city` (`id`, `country_id`, `state_id`, `city_name`, `city_3_code`, `city_2_code`, `ordering`, `status`) VALUES
(1, 18, 653, 'Akhaura', '', '', 1, 1),
(2, 18, 653, 'Cox''s Bazar', '', '', 2, 1),
(3, 18, 653, 'Bandarban', '', '', NULL, 1),
(4, 18, 653, 'Brahmanbaria', '', '', NULL, 1),
(5, 18, 653, 'Sarail', '', '', NULL, 1),
(6, 18, 653, 'Shahbazpur Town', '', '', NULL, 1),
(7, 18, 653, 'Chandpur', '', '', NULL, 1),
(8, 18, 653, 'Chaumuhani', '', '', NULL, 1),
(9, 18, 653, 'Feni', '', '', NULL, 1),
(10, 18, 653, 'Khagrachhari', '', '', NULL, 1),
(11, 18, 653, 'Laksam', '', '', NULL, 1),
(12, 18, 653, 'Lakshmipur', '', '', NULL, 1),
(13, 18, 653, 'Noakhali', '', '', NULL, 1),
(14, 18, 653, 'Rangamati', '', '', NULL, 1),
(15, 18, 653, 'Rangunia', '', '', NULL, 1),
(16, 18, 653, 'Shandwip', '', '', NULL, 1),
(17, 18, 653, 'Chittagong', '', '', NULL, 1),
(18, 18, 653, 'Comilla', '', '', NULL, 1),
(19, 18, 654, 'Dhaka', '', '', NULL, 1),
(20, 18, 654, 'Narayanganj', '', '', NULL, 1),
(21, 18, 654, 'Gazipur', '', '', NULL, 1),
(22, 18, 654, 'Aricha', '', '', NULL, 1),
(23, 18, 654, 'Bhairab', '', '', NULL, 1),
(24, 18, 654, 'Faridpur', '', '', NULL, 1),
(25, 18, 654, 'Jamalpur', '', '', NULL, 1),
(26, 18, 654, 'Kishoreganj', '', '', NULL, 1),
(27, 18, 654, 'Manikganj', '', '', NULL, 1),
(28, 18, 654, 'Madaripur', '', '', NULL, 1),
(29, 18, 654, 'Munshiganj', '', '', NULL, 1),
(30, 18, 654, 'Mymensingh', '', '', NULL, 1),
(31, 18, 654, 'Narsingdi', '', '', NULL, 1),
(32, 18, 654, 'Netrokona', '', '', NULL, 1),
(33, 18, 654, 'Rajbari', '', '', NULL, 1),
(34, 18, 654, 'Shariatpur', '', '', NULL, 1),
(35, 18, 654, 'Sherpur', '', '', NULL, 1),
(36, 18, 654, 'Tangail', '', '', NULL, 1),
(37, 18, 654, 'Tongi', '', '', NULL, 1),
(38, 18, 655, 'Barisal', '', '', NULL, 1),
(39, 18, 655, 'Barguna', '', '', NULL, 1),
(40, 18, 655, 'Bakerganj', '', '', NULL, 1),
(41, 18, 655, 'Bhola', '', '', NULL, 1),
(42, 18, 655, 'Jhalokati', '', '', NULL, 1),
(43, 18, 655, 'Patuakhali', '', '', NULL, 1),
(44, 18, 655, 'Pirojpur', '', '', NULL, 1),
(45, 18, 656, 'Khulna', '', '', NULL, 1),
(46, 18, 656, 'Bagherhat', '', '', NULL, 1),
(47, 18, 656, 'Chuadanga', '', '', NULL, 1),
(48, 18, 656, 'Jessore', '', '', NULL, 1),
(49, 18, 656, 'Jhenaidah', '', '', NULL, 1),
(50, 18, 656, 'Kushtia', '', '', NULL, 1),
(51, 18, 656, 'Magura', '', '', NULL, 1),
(52, 18, 656, 'Meherpur', '', '', NULL, 1),
(53, 18, 656, 'Narail', '', '', NULL, 1),
(54, 18, 656, 'Shatkhira', '', '', NULL, 1),
(55, 18, 657, 'Rajshahi', '', '', NULL, 1),
(56, 18, 657, 'Bogra', '', '', NULL, 1),
(57, 18, 657, 'Joypurhat', '', '', NULL, 1),
(58, 18, 657, 'Naogaon', '', '', NULL, 1),
(59, 18, 657, 'Natore', '', '', NULL, 1),
(60, 18, 657, 'Nawabganj', '', '', NULL, 1),
(61, 18, 657, 'Pabna', '', '', NULL, 1),
(62, 18, 657, 'Sirajganj', '', '', NULL, 1),
(63, 18, 658, 'Rangpur', '', '', NULL, 1),
(64, 18, 658, 'Saidpur', '', '', NULL, 1),
(65, 18, 658, 'Dinajpur', '', '', NULL, 1),
(66, 18, 658, 'Gaibandha', '', '', NULL, 1),
(67, 18, 658, 'Kurigram', '', '', NULL, 1),
(68, 18, 658, 'Lalmonirhat', '', '', NULL, 1),
(69, 18, 658, 'Nilphamari', '', '', NULL, 1),
(70, 18, 658, 'Panchagarh', '', '', NULL, 1),
(71, 18, 658, ' Thakurgaon', '', '', NULL, 1),
(72, 18, 659, 'Sylhet', '', '', NULL, 1),
(73, 18, 659, 'Habiganj', '', '', NULL, 1),
(74, 18, 658, 'Maulvibazar', '', '', NULL, 1),
(75, 18, 658, 'Sreemangal', '', '', NULL, 1),
(76, 18, 658, 'Sunamganj', '', '', NULL, 1),
(77, 18, 658, 'Beanibazar', '', '', NULL, 1);

-- --------------------------------------------------------

--
-- Table structure for table `os_content`
--

DROP TABLE IF EXISTS `os_content`;
CREATE TABLE IF NOT EXISTS `os_content` (
  `id` int(11) NOT NULL AUTO_INCREMENT COMMENT 'ID',
  `title` varchar(255) NOT NULL COMMENT 'Title',
  `category` int(11) NOT NULL DEFAULT '0' COMMENT 'Category',
  `details` text NOT NULL COMMENT 'Details',
  `created_on` timestamp NULL DEFAULT NULL COMMENT 'Created On',
  `created_by` int(11) DEFAULT NULL COMMENT 'Created By',
  `modified_on` datetime DEFAULT '0000-00-00 00:00:00' COMMENT 'Modified On',
  `modified_by` int(10) DEFAULT '0' COMMENT 'Modified By',
  `publish_up` datetime DEFAULT '0000-00-00 00:00:00' COMMENT 'Publish Up',
  `publish_down` datetime DEFAULT '0000-00-00 00:00:00' COMMENT 'Publish Down',
  `ordering` int(11) DEFAULT NULL COMMENT 'Ordering',
  `metakey` text COMMENT 'Metakey',
  `metadesc` text COMMENT 'Metadesk',
  `hits` int(10) DEFAULT '0' COMMENT 'Hits',
  `featured` tinyint(3) DEFAULT '0' COMMENT 'Featured',
  `status` tinyint(4) DEFAULT '1' COMMENT 'Status',
  PRIMARY KEY (`id`),
  KEY `idx_state` (`status`),
  KEY `idx_catid` (`category`),
  KEY `idx_createdby` (`created_by`),
  KEY `idx_featured_catid` (`featured`,`category`)
) ENGINE=InnoDB DEFAULT CHARSET=utf8 AUTO_INCREMENT=1 ;

-- --------------------------------------------------------

--
-- Table structure for table `os_content_category`
--

DROP TABLE IF EXISTS `os_content_category`;
CREATE TABLE IF NOT EXISTS `os_content_category` (
  `id` int(11) NOT NULL AUTO_INCREMENT COMMENT 'ID',
  `parent` int(11) NOT NULL DEFAULT '0' COMMENT 'Parent',
  `title` varchar(255) NOT NULL COMMENT 'Category',
  `details` text COMMENT 'Details',
  `status` tinyint(1) DEFAULT '1' COMMENT 'Status',
  PRIMARY KEY (`id`),
  KEY `cat_idx` (`status`)
) ENGINE=InnoDB  DEFAULT CHARSET=utf8 AUTO_INCREMENT=2 ;

--
-- Dumping data for table `os_content_category`
--

INSERT INTO `os_content_category` (`id`, `parent`, `title`, `details`, `status`) VALUES
(1, 0, 'Uncategorized', '', 1);

-- --------------------------------------------------------

--
-- Table structure for table `os_country`
--

DROP TABLE IF EXISTS `os_country`;
CREATE TABLE IF NOT EXISTS `os_country` (
  `id` int(11) NOT NULL AUTO_INCREMENT COMMENT 'ID',
  `worldzone_id` tinyint(4) NOT NULL DEFAULT '1' COMMENT 'World Zone',
  `country_name` varchar(255) NOT NULL COMMENT 'Country',
  `country_3_code` varchar(3) DEFAULT NULL COMMENT 'Code 3',
  `country_2_code` varchar(2) DEFAULT NULL COMMENT 'Code 2',
  `ordering` tinyint(4) DEFAULT NULL COMMENT 'Ordering',
  `status` tinyint(1) DEFAULT '1' COMMENT 'Status',
  PRIMARY KEY (`id`),
  KEY `idx_country_3_code` (`country_3_code`),
  KEY `idx_country_2_code` (`country_2_code`)
) ENGINE=InnoDB  DEFAULT CHARSET=utf8 COMMENT='Country records' AUTO_INCREMENT=249 ;

--
-- Dumping data for table `os_country`
--

INSERT INTO `os_country` (`id`, `worldzone_id`, `country_name`, `country_3_code`, `country_2_code`, `ordering`, `status`) VALUES
(1, 1, 'Afghanistan', 'AFG', 'AF', 1, 1),
(2, 1, 'Albania', 'ALB', 'AL', 0, 1),
(3, 1, 'Algeria', 'DZA', 'DZ', 0, 1),
(4, 1, 'American Samoa', 'ASM', 'AS', 0, 1),
(5, 1, 'Andorra', 'AND', 'AD', 0, 1),
(6, 1, 'Angola', 'AGO', 'AO', 0, 1),
(7, 1, 'Anguilla', 'AIA', 'AI', 0, 1),
(8, 1, 'Antarctica', 'ATA', 'AQ', 0, 1),
(9, 1, 'Antigua and Barbuda', 'ATG', 'AG', 0, 1),
(10, 1, 'Argentina', 'ARG', 'AR', 0, 1),
(11, 1, 'Armenia', 'ARM', 'AM', 0, 1),
(12, 1, 'Aruba', 'ABW', 'AW', 0, 1),
(13, 1, 'Australia', 'AUS', 'AU', 0, 1),
(14, 1, 'Austria', 'AUT', 'AT', 0, 1),
(15, 1, 'Azerbaijan', 'AZE', 'AZ', 0, 1),
(16, 1, 'Bahamas', 'BHS', 'BS', 0, 1),
(17, 1, 'Bahrain', 'BHR', 'BH', 0, 1),
(18, 1, 'Bangladesh', 'BGD', 'BD', 0, 1),
(19, 1, 'Barbados', 'BRB', 'BB', 0, 1),
(20, 1, 'Belarus', 'BLR', 'BY', 0, 1),
(21, 1, 'Belgium', 'BEL', 'BE', 0, 1),
(22, 1, 'Belize', 'BLZ', 'BZ', 0, 1),
(23, 1, 'Benin', 'BEN', 'BJ', 0, 1),
(24, 1, 'Bermuda', 'BMU', 'BM', 0, 1),
(25, 1, 'Bhutan', 'BTN', 'BT', 0, 1),
(26, 1, 'Bolivia', 'BOL', 'BO', 0, 1),
(27, 1, 'Bosnia and Herzegowina', 'BIH', 'BA', 0, 1),
(28, 1, 'Botswana', 'BWA', 'BW', 0, 1),
(29, 1, 'Bouvet Island', 'BVT', 'BV', 0, 1),
(30, 1, 'Brazil', 'BRA', 'BR', 0, 1),
(31, 1, 'British Indian Ocean Territory', 'IOT', 'IO', 0, 1),
(32, 1, 'Brunei Darussalam', 'BRN', 'BN', 0, 1),
(33, 1, 'Bulgaria', 'BGR', 'BG', 0, 1),
(34, 1, 'Burkina Faso', 'BFA', 'BF', 0, 1),
(35, 1, 'Burundi', 'BDI', 'BI', 0, 1),
(36, 1, 'Cambodia', 'KHM', 'KH', 0, 1),
(37, 1, 'Cameroon', 'CMR', 'CM', 0, 1),
(38, 1, 'Canada', 'CAN', 'CA', 0, 1),
(39, 1, 'Cape Verde', 'CPV', 'CV', 0, 1),
(40, 1, 'Cayman Islands', 'CYM', 'KY', 0, 1),
(41, 1, 'Central African Republic', 'CAF', 'CF', 0, 1),
(42, 1, 'Chad', 'TCD', 'TD', 0, 1),
(43, 1, 'Chile', 'CHL', 'CL', 0, 1),
(44, 1, 'China', 'CHN', 'CN', 0, 1),
(45, 1, 'Christmas Island', 'CXR', 'CX', 0, 1),
(46, 1, 'Cocos (Keeling) Islands', 'CCK', 'CC', 0, 1),
(47, 1, 'Colombia', 'COL', 'CO', 0, 1),
(48, 1, 'Comoros', 'COM', 'KM', 0, 1),
(49, 1, 'Congo', 'COG', 'CG', 0, 1),
(50, 1, 'Cook Islands', 'COK', 'CK', 0, 1),
(51, 1, 'Costa Rica', 'CRI', 'CR', 0, 1),
(52, 1, 'Cote D''Ivoire', 'CIV', 'CI', 0, 1),
(53, 1, 'Croatia', 'HRV', 'HR', 0, 1),
(54, 1, 'Cuba', 'CUB', 'CU', 0, 1),
(55, 1, 'Cyprus', 'CYP', 'CY', 0, 1),
(56, 1, 'Czech Republic', 'CZE', 'CZ', 0, 1),
(57, 1, 'Denmark', 'DNK', 'DK', 0, 1),
(58, 1, 'Djibouti', 'DJI', 'DJ', 0, 1),
(59, 1, 'Dominica', 'DMA', 'DM', 0, 1),
(60, 1, 'Dominican Republic', 'DOM', 'DO', 0, 1),
(61, 1, 'East Timor', 'TMP', 'TP', 0, 1),
(62, 1, 'Ecuador', 'ECU', 'EC', 0, 1),
(63, 1, 'Egypt', 'EGY', 'EG', 0, 1),
(64, 1, 'El Salvador', 'SLV', 'SV', 0, 1),
(65, 1, 'Equatorial Guinea', 'GNQ', 'GQ', 0, 1),
(66, 1, 'Eritrea', 'ERI', 'ER', 0, 1),
(67, 1, 'Estonia', 'EST', 'EE', 0, 1),
(68, 1, 'Ethiopia', 'ETH', 'ET', 0, 1),
(69, 1, 'Falkland Islands (Malvinas)', 'FLK', 'FK', 0, 1),
(70, 1, 'Faroe Islands', 'FRO', 'FO', 0, 1),
(71, 1, 'Fiji', 'FJI', 'FJ', 0, 1),
(72, 1, 'Finland', 'FIN', 'FI', 0, 1),
(73, 1, 'France', 'FRA', 'FR', 0, 1),
(75, 1, 'French Guiana', 'GUF', 'GF', 0, 1),
(76, 1, 'French Polynesia', 'PYF', 'PF', 0, 1),
(77, 1, 'French Southern Territories', 'ATF', 'TF', 0, 1),
(78, 1, 'Gabon', 'GAB', 'GA', 0, 1),
(79, 1, 'Gambia', 'GMB', 'GM', 0, 1),
(80, 1, 'Georgia', 'GEO', 'GE', 0, 1),
(81, 1, 'Germany', 'DEU', 'DE', 0, 1),
(82, 1, 'Ghana', 'GHA', 'GH', 0, 1),
(83, 1, 'Gibraltar', 'GIB', 'GI', 0, 1),
(84, 1, 'Greece', 'GRC', 'GR', 0, 1),
(85, 1, 'Greenland', 'GRL', 'GL', 0, 1),
(86, 1, 'Grenada', 'GRD', 'GD', 0, 1),
(87, 1, 'Guadeloupe', 'GLP', 'GP', 0, 1),
(88, 1, 'Guam', 'GUM', 'GU', 0, 1),
(89, 1, 'Guatemala', 'GTM', 'GT', 0, 1),
(90, 1, 'Guinea', 'GIN', 'GN', 0, 1),
(91, 1, 'Guinea-bissau', 'GNB', 'GW', 0, 1),
(92, 1, 'Guyana', 'GUY', 'GY', 0, 1),
(93, 1, 'Haiti', 'HTI', 'HT', 0, 1),
(94, 1, 'Heard and Mc Donald Islands', 'HMD', 'HM', 0, 1),
(95, 1, 'Honduras', 'HND', 'HN', 0, 1),
(96, 1, 'Hong Kong', 'HKG', 'HK', 0, 1),
(97, 1, 'Hungary', 'HUN', 'HU', 0, 1),
(98, 1, 'Iceland', 'ISL', 'IS', 0, 1),
(99, 1, 'India', 'IND', 'IN', 0, 1),
(100, 1, 'Indonesia', 'IDN', 'ID', 0, 1),
(101, 1, 'Iran (Islamic Republic of)', 'IRN', 'IR', 0, 1),
(102, 1, 'Iraq', 'IRQ', 'IQ', 0, 1),
(103, 1, 'Ireland', 'IRL', 'IE', 0, 1),
(104, 1, 'Israel', 'ISR', 'IL', 0, 1),
(105, 1, 'Italy', 'ITA', 'IT', 0, 1),
(106, 1, 'Jamaica', 'JAM', 'JM', 0, 1),
(107, 1, 'Japan', 'JPN', 'JP', 0, 1),
(108, 1, 'Jordan', 'JOR', 'JO', 0, 1),
(109, 1, 'Kazakhstan', 'KAZ', 'KZ', 0, 1),
(110, 1, 'Kenya', 'KEN', 'KE', 0, 1),
(111, 1, 'Kiribati', 'KIR', 'KI', 0, 1),
(112, 1, 'Korea, Democratic People''s Republic of', 'PRK', 'KP', 0, 1),
(113, 1, 'Korea, Republic of', 'KOR', 'KR', 0, 1),
(114, 1, 'Kuwait', 'KWT', 'KW', 0, 1),
(115, 1, 'Kyrgyzstan', 'KGZ', 'KG', 0, 1),
(116, 1, 'Lao People''s Democratic Republic', 'LAO', 'LA', 0, 1),
(117, 1, 'Latvia', 'LVA', 'LV', 0, 1),
(118, 1, 'Lebanon', 'LBN', 'LB', 0, 1),
(119, 1, 'Lesotho', 'LSO', 'LS', 0, 1),
(120, 1, 'Liberia', 'LBR', 'LR', 0, 1),
(121, 1, 'Libyan Arab Jamahiriya', 'LBY', 'LY', 0, 1),
(122, 1, 'Liechtenstein', 'LIE', 'LI', 0, 1),
(123, 1, 'Lithuania', 'LTU', 'LT', 0, 1),
(124, 1, 'Luxembourg', 'LUX', 'LU', 0, 1),
(125, 1, 'Macau', 'MAC', 'MO', 0, 1),
(126, 1, 'Macedonia, The Former Yugoslav Republic of', 'MKD', 'MK', 0, 1),
(127, 1, 'Madagascar', 'MDG', 'MG', 0, 1),
(128, 1, 'Malawi', 'MWI', 'MW', 0, 1),
(129, 1, 'Malaysia', 'MYS', 'MY', 0, 1),
(130, 1, 'Maldives', 'MDV', 'MV', 0, 1),
(131, 1, 'Mali', 'MLI', 'ML', 0, 1),
(132, 1, 'Malta', 'MLT', 'MT', 0, 1),
(133, 1, 'Marshall Islands', 'MHL', 'MH', 0, 1),
(134, 1, 'Martinique', 'MTQ', 'MQ', 0, 1),
(135, 1, 'Mauritania', 'MRT', 'MR', 0, 1),
(136, 1, 'Mauritius', 'MUS', 'MU', 0, 1),
(137, 1, 'Mayotte', 'MYT', 'YT', 0, 1),
(138, 1, 'Mexico', 'MEX', 'MX', 0, 1),
(139, 1, 'Micronesia, Federated States of', 'FSM', 'FM', 0, 1),
(140, 1, 'Moldova, Republic of', 'MDA', 'MD', 0, 1),
(141, 1, 'Monaco', 'MCO', 'MC', 0, 1),
(142, 1, 'Mongolia', 'MNG', 'MN', 0, 1),
(143, 1, 'Montserrat', 'MSR', 'MS', 0, 1),
(144, 1, 'Morocco', 'MAR', 'MA', 0, 1),
(145, 1, 'Mozambique', 'MOZ', 'MZ', 0, 1),
(146, 1, 'Myanmar', 'MMR', 'MM', 0, 1),
(147, 1, 'Namibia', 'NAM', 'NA', 0, 1),
(148, 1, 'Nauru', 'NRU', 'NR', 0, 1),
(149, 1, 'Nepal', 'NPL', 'NP', 0, 1),
(150, 1, 'Netherlands', 'NLD', 'NL', 0, 1),
(151, 1, 'Netherlands Antilles', 'ANT', 'AN', 0, 1),
(152, 1, 'New Caledonia', 'NCL', 'NC', 0, 1),
(153, 1, 'New Zealand', 'NZL', 'NZ', 0, 1),
(154, 1, 'Nicaragua', 'NIC', 'NI', 0, 1),
(155, 1, 'Niger', 'NER', 'NE', 0, 1),
(156, 1, 'Nigeria', 'NGA', 'NG', 0, 1),
(157, 1, 'Niue', 'NIU', 'NU', 0, 1),
(158, 1, 'Norfolk Island', 'NFK', 'NF', 0, 1),
(159, 1, 'Northern Mariana Islands', 'MNP', 'MP', 0, 1),
(160, 1, 'Norway', 'NOR', 'NO', 0, 1),
(161, 1, 'Oman', 'OMN', 'OM', 0, 1),
(162, 1, 'Pakistan', 'PAK', 'PK', 0, 1),
(163, 1, 'Palau', 'PLW', 'PW', 0, 1),
(164, 1, 'Panama', 'PAN', 'PA', 0, 1),
(165, 1, 'Papua New Guinea', 'PNG', 'PG', 0, 1),
(166, 1, 'Paraguay', 'PRY', 'PY', 0, 1),
(167, 1, 'Peru', 'PER', 'PE', 0, 1),
(168, 1, 'Philippines', 'PHL', 'PH', 0, 1),
(169, 1, 'Pitcairn', 'PCN', 'PN', 0, 1),
(170, 1, 'Poland', 'POL', 'PL', 0, 1),
(171, 1, 'Portugal', 'PRT', 'PT', 0, 1),
(172, 1, 'Puerto Rico', 'PRI', 'PR', 0, 1),
(173, 1, 'Qatar', 'QAT', 'QA', 0, 1),
(174, 1, 'Reunion', 'REU', 'RE', 0, 1),
(175, 1, 'Romania', 'ROM', 'RO', 0, 1),
(176, 1, 'Russian Federation', 'RUS', 'RU', 0, 1),
(177, 1, 'Rwanda', 'RWA', 'RW', 0, 1),
(178, 1, 'Saint Kitts and Nevis', 'KNA', 'KN', 0, 1),
(179, 1, 'Saint Lucia', 'LCA', 'LC', 0, 1),
(180, 1, 'Saint Vincent and the Grenadines', 'VCT', 'VC', 0, 1),
(181, 1, 'Samoa', 'WSM', 'WS', 0, 1),
(182, 1, 'San Marino', 'SMR', 'SM', 0, 1),
(183, 1, 'Sao Tome and Principe', 'STP', 'ST', 0, 1),
(184, 1, 'Saudi Arabia', 'SAU', 'SA', 0, 1),
(185, 1, 'Senegal', 'SEN', 'SN', 0, 1),
(186, 1, 'Seychelles', 'SYC', 'SC', 0, 1),
(187, 1, 'Sierra Leone', 'SLE', 'SL', 0, 1),
(188, 1, 'Singapore', 'SGP', 'SG', 0, 1),
(189, 1, 'Slovakia', 'SVK', 'SK', 0, 1),
(190, 1, 'Slovenia', 'SVN', 'SI', 0, 1),
(191, 1, 'Solomon Islands', 'SLB', 'SB', 0, 1),
(192, 1, 'Somalia', 'SOM', 'SO', 0, 1),
(193, 1, 'South Africa', 'ZAF', 'ZA', 0, 1),
(194, 1, 'South Georgia and the South Sandwich Islands', 'SGS', 'GS', 0, 1),
(195, 1, 'Spain', 'ESP', 'ES', 0, 1),
(196, 1, 'Sri Lanka', 'LKA', 'LK', 0, 1),
(197, 1, 'St. Helena', 'SHN', 'SH', 0, 1),
(198, 1, 'St. Pierre and Miquelon', 'SPM', 'PM', 0, 1),
(199, 1, 'Sudan', 'SDN', 'SD', 0, 1),
(200, 1, 'Suriname', 'SUR', 'SR', 0, 1),
(201, 1, 'Svalbard and Jan Mayen Islands', 'SJM', 'SJ', 0, 1),
(202, 1, 'Swaziland', 'SWZ', 'SZ', 0, 1),
(203, 1, 'Sweden', 'SWE', 'SE', 0, 1),
(204, 1, 'Switzerland', 'CHE', 'CH', 0, 1),
(205, 1, 'Syrian Arab Republic', 'SYR', 'SY', 0, 1),
(206, 1, 'Taiwan', 'TWN', 'TW', 0, 1),
(207, 1, 'Tajikistan', 'TJK', 'TJ', 0, 1),
(208, 1, 'Tanzania, United Republic of', 'TZA', 'TZ', 0, 1),
(209, 1, 'Thailand', 'THA', 'TH', 0, 1),
(210, 1, 'Togo', 'TGO', 'TG', 0, 1),
(211, 1, 'Tokelau', 'TKL', 'TK', 0, 1),
(212, 1, 'Tonga', 'TON', 'TO', 0, 1),
(213, 1, 'Trinidad and Tobago', 'TTO', 'TT', 0, 1),
(214, 1, 'Tunisia', 'TUN', 'TN', 0, 1),
(215, 1, 'Turkey', 'TUR', 'TR', 0, 1),
(216, 1, 'Turkmenistan', 'TKM', 'TM', 0, 1),
(217, 1, 'Turks and Caicos Islands', 'TCA', 'TC', 0, 1),
(218, 1, 'Tuvalu', 'TUV', 'TV', 0, 1),
(219, 1, 'Uganda', 'UGA', 'UG', 0, 1),
(220, 1, 'Ukraine', 'UKR', 'UA', 0, 1),
(221, 1, 'United Arab Emirates', 'ARE', 'AE', 0, 1),
(222, 1, 'United Kingdom', 'GBR', 'GB', 0, 1),
(223, 1, 'United States', 'USA', 'US', 0, 1),
(224, 1, 'United States Minor Outlying Islands', 'UMI', 'UM', 0, 1),
(225, 1, 'Uruguay', 'URY', 'UY', 0, 1),
(226, 1, 'Uzbekistan', 'UZB', 'UZ', 0, 1),
(227, 1, 'Vanuatu', 'VUT', 'VU', 0, 1),
(228, 1, 'Vatican City State (Holy See)', 'VAT', 'VA', 0, 1),
(229, 1, 'Venezuela', 'VEN', 'VE', 0, 1),
(230, 1, 'Viet Nam', 'VNM', 'VN', 0, 1),
(231, 1, 'Virgin Islands (British)', 'VGB', 'VG', 0, 1),
(232, 1, 'Virgin Islands (U.S.)', 'VIR', 'VI', 0, 1),
(233, 1, 'Wallis and Futuna Islands', 'WLF', 'WF', 0, 1),
(234, 1, 'Western Sahara', 'ESH', 'EH', 0, 1),
(235, 1, 'Yemen', 'YEM', 'YE', 0, 1),
(237, 1, 'The Democratic Republic of Congo', 'DRC', 'DC', 0, 1),
(238, 1, 'Zambia', 'ZMB', 'ZM', 0, 1),
(239, 1, 'Zimbabwe', 'ZWE', 'ZW', 0, 1),
(240, 1, 'East Timor', 'XET', 'XE', 0, 1),
(241, 1, 'Jersey', 'XJE', 'XJ', 0, 1),
(242, 1, 'St. Barthelemy', 'XSB', 'XB', 0, 1),
(243, 1, 'St. Eustatius', 'XSE', 'XU', 0, 1),
(244, 1, 'Canary Islands', 'XCA', 'XC', 0, 1),
(245, 1, 'Serbia', 'SRB', 'RS', 0, 1),
(246, 1, 'Sint Maarten (French Antilles)', 'MAF', 'MF', 0, 1),
(247, 1, 'Sint Maarten (Netherlands Antilles)', 'SXM', 'SX', 0, 1),
(248, 1, 'Palestinian Territory, occupied', 'PSE', 'PS', 0, 1);

-- --------------------------------------------------------

--
-- Table structure for table `os_currency`
--

DROP TABLE IF EXISTS `os_currency`;
CREATE TABLE IF NOT EXISTS `os_currency` (
  `id` smallint(1) NOT NULL AUTO_INCREMENT COMMENT 'ID',
  `currency_name` varchar(100) NOT NULL COMMENT 'Currency',
  `currency_code_2` varchar(2) DEFAULT NULL COMMENT 'Code 2',
  `currency_code_3` varchar(3) DEFAULT NULL COMMENT 'Code 3',
  `currency_numeric_code` int(4) DEFAULT NULL COMMENT 'Numeric Code',
  `currency_exchange_rate` decimal(10,5) DEFAULT NULL COMMENT 'Exchange Rate',
  `currency_symbol` varchar(4) DEFAULT NULL COMMENT 'Symbol',
  `currency_decimal_place` varchar(4) DEFAULT NULL COMMENT 'Decimal Place',
  `currency_decimal_symbol` varchar(4) DEFAULT NULL COMMENT 'Decimal Symbol',
  `currency_thousands` varchar(4) DEFAULT NULL COMMENT 'Thousands',
  `ordering` tinyint(4) DEFAULT NULL COMMENT 'Ordering',
  `status` tinyint(1) DEFAULT '1' COMMENT 'Status',
  PRIMARY KEY (`id`),
  KEY `idx_currency_code_3` (`currency_code_3`),
  KEY `idx_currency_numeric_code` (`currency_numeric_code`)
) ENGINE=InnoDB  DEFAULT CHARSET=utf8 COMMENT='Used to store currencies' AUTO_INCREMENT=204 ;

--
-- Dumping data for table `os_currency`
--

INSERT INTO `os_currency` (`id`, `currency_name`, `currency_code_2`, `currency_code_3`, `currency_numeric_code`, `currency_exchange_rate`, `currency_symbol`, `currency_decimal_place`, `currency_decimal_symbol`, `currency_thousands`, `ordering`, `status`) VALUES
(2, 'United Arab Emirates dirham', '', 'AED', 784, 0.00000, 'د.إ', '2', ',', '', 0, 1),
(4, 'Albanian lek', '', 'ALL', 8, 0.00000, 'Lek', '2', ',', '', 0, 1),
(5, 'Netherlands Antillean gulden', '', 'ANG', 532, 0.00000, 'ƒ', '2', ',', '', 0, 1),
(7, 'Argentine peso', '', 'ARS', 32, 0.00000, '$', '2', ',', '', 0, 1),
(9, 'Australian dollar', '', 'AUD', 36, 0.00000, '$', '2', ',', '', 0, 1),
(10, 'Aruban florin', '', 'AWG', 533, 0.00000, 'ƒ', '2', ',', '', 0, 1),
(11, 'Barbadian dollar', '', 'BBD', 52, 0.00000, '$', '2', ',', '', 0, 1),
(12, 'Bangladeshi taka', '', 'BDT', 50, 0.00000, '৳', '2', ',', '', 0, 1),
(15, 'Bahraini dinar', '', 'BHD', 48, 0.00000, 'ب.د', '2', ',', '', 0, 1),
(16, 'Burundian franc', '', 'BIF', 108, 0.00000, 'Fr', '0', '', '', 0, 1),
(17, 'Bermudian dollar', '', 'BMD', 60, 0.00000, '$', '2', ',', '', 0, 1),
(18, 'Brunei dollar', '', 'BND', 96, 0.00000, '$', '2', ',', '', 0, 1),
(19, 'Bolivian boliviano', '', 'BOB', 68, 0.00000, '$b', '2', ',', '', 0, 1),
(20, 'Brazilian real', '', 'BRL', 986, 0.00000, 'R$', '2', '.', ',', 0, 1),
(21, 'Bahamian dollar', '', 'BSD', 44, 0.00000, '$', '2', ',', '', 0, 1),
(22, 'Bhutanese ngultrum', '', 'BTN', 64, 0.00000, 'BTN', '2', ',', '', 0, 1),
(24, 'Botswana pula', '', 'BWP', 72, 0.00000, 'P', '2', ',', '', 0, 1),
(25, 'Belize dollar', '', 'BZD', 84, 0.00000, 'BZ$', '2', ',', '', 0, 1),
(26, 'Canadian dollar', '', 'CAD', 124, 0.00000, '$', '2', '.', ',', 0, 1),
(27, 'Swiss franc', '', 'CHF', 756, 0.00000, 'CHF', '2', ',', '', 0, 1),
(28, 'Unidad de Fomento', '', 'CLF', 990, 0.00000, 'CLF', '0', ',', '', 0, 1),
(29, 'Chilean peso', '', 'CLP', 152, 0.00000, '$', '2', ',', '', 0, 1),
(30, 'Chinese renminbi yuan', '', 'CNY', 156, 0.00000, '元', '2', ',', '', 0, 1),
(31, 'Colombian peso', '', 'COP', 170, 0.00000, '$', '2', ',', '', 0, 1),
(32, 'Costa Rican colón', '', 'CRC', 188, 0.00000, '₡', '2', ',', '', 0, 1),
(33, 'Czech koruna', '', 'CZK', 203, 0.00000, 'Kč', '2', ',', '', 0, 1),
(34, 'Cuban peso', '', 'CUP', 192, 0.00000, '₱', '2', ',', '', 0, 1),
(35, 'Cape Verdean escudo', '', 'CVE', 132, 0.00000, '$', '0', '', '', 0, 1),
(40, 'Danish krone', '', 'DKK', 208, 0.00000, 'kr', '2', '.', ',', 0, 1),
(41, 'Dominican peso', '', 'DOP', 214, 0.00000, 'RD$', '2', ',', '', 0, 1),
(42, 'Algerian dinar', '', 'DZD', 12, 0.00000, 'د.ج', '2', ',', '', 0, 1),
(44, 'Egyptian pound', '', 'EGP', 818, 0.00000, '£', '2', ',', '', 0, 1),
(46, 'Ethiopian birr', '', 'ETB', 230, 0.00000, 'ETB', '2', ',', '', 0, 1),
(47, 'Euro', '', 'EUR', 978, 0.00000, '€', '2', ',', '', 0, 1),
(49, 'Fijian dollar', '', 'FJD', 242, 0.00000, '$', '2', ',', '', 0, 1),
(50, 'Falkland pound', '', 'FKP', 238, 0.00000, '£', '2', ',', '', 0, 1),
(52, 'British pound', '', 'GBP', 826, 0.00000, '£', '2', '.', ',', 0, 1),
(54, 'Gibraltar pound', '', 'GIP', 292, 0.00000, '£', '2', ',', '', 0, 1),
(55, 'Gambian dalasi', '', 'GMD', 270, 0.00000, 'D', '2', ',', '', 0, 1),
(56, 'Guinean franc', '', 'GNF', 324, 0.00000, 'Fr', '0', '', '', 0, 1),
(58, 'Guatemalan quetzal', '', 'GTQ', 320, 0.00000, 'Q', '2', ',', '', 0, 1),
(60, 'Guyanese dollar', '', 'GYD', 328, 0.00000, '$', '2', ',', '', 0, 1),
(61, 'Hong Kong dollar', '', 'HKD', 344, 0.00000, '元', '2', ',', '', 0, 1),
(62, 'Honduran lempira', '', 'HNL', 340, 0.00000, 'L', '2', ',', '', 0, 1),
(63, 'Haitian gourde', '', 'HTG', 332, 0.00000, 'G', '2', ',', '', 0, 1),
(64, 'Hungarian forint', '', 'HUF', 348, 0.00000, 'Ft', '2', ',', '', 0, 1),
(65, 'Indonesian rupiah', '', 'IDR', 360, 0.00000, 'Rp', '0', '', '', 0, 1),
(67, 'Israeli new sheqel', '', 'ILS', 376, 0.00000, '₪', '2', ',', '', 0, 1),
(68, 'Indian rupee', '', 'INR', 356, 0.00000, '₨', '2', ',', '', 0, 1),
(69, 'Iraqi dinar', '', 'IQD', 368, 0.00000, 'ع.د', '0', '', '', 0, 1),
(70, 'Iranian rial', '', 'IRR', 364, 0.00000, '﷼', '2', ',', '', 0, 1),
(73, 'Jamaican dollar', '', 'JMD', 388, 0.00000, 'J$', '2', ',', '', 0, 1),
(74, 'Jordanian dinar', '', 'JOD', 400, 0.00000, 'د.ا', '2', ',', '', 0, 1),
(75, 'Japanese yen', '', 'JPY', 392, 0.00000, '¥', '2', ',', '', 0, 1),
(76, 'Kenyan shilling', '', 'KES', 404, 0.00000, 'Sh', '2', ',', '', 0, 1),
(77, 'Cambodian riel', '', 'KHR', 116, 0.00000, '៛', '2', ',', '', 0, 1),
(78, 'Comorian franc', '', 'KMF', 174, 0.00000, 'Fr', '0', '', '', 0, 1),
(79, 'North Korean won', '', 'KPW', 408, 0.00000, '₩', '0', '', '', 0, 1),
(80, 'South Korean won', '', 'KRW', 410, 0.00000, '₩', '0', '', '', 0, 1),
(81, 'Kuwaiti dinar', '', 'KWD', 414, 0.00000, 'د.ك', '2', ',', '', 0, 1),
(82, 'Cayman Islands dollar', '', 'KYD', 136, 0.00000, '$', '2', ',', '', 0, 1),
(83, 'Lao kip', '', 'LAK', 418, 0.00000, '₭', '0', '', '', 0, 1),
(84, 'Lebanese pound', '', 'LBP', 422, 0.00000, '£', '0', '', '', 0, 1),
(85, 'Sri Lankan rupee', '', 'LKR', 144, 0.00000, '₨', '2', ',', '', 0, 1),
(86, 'Liberian dollar', '', 'LRD', 430, 0.00000, '$', '2', ',', '', 0, 1),
(87, 'Lesotho loti', '', 'LSL', 426, 0.00000, 'L', '2', ',', '', 0, 1),
(89, 'Libyan dinar', '', 'LYD', 434, 0.00000, 'ل.د', '3', ',', '', 0, 1),
(90, 'Moroccan dirham', '', 'MAD', 504, 0.00000, 'د.م.', '2', ',', '', 0, 1),
(92, 'Mongolian tögrög', '', 'MNT', 496, 0.00000, '₮', '2', ',', '', 0, 1),
(93, 'Macanese pataca', '', 'MOP', 446, 0.00000, 'P', '1', ',', '', 0, 1),
(94, 'Mauritanian ouguiya', '', 'MRO', 478, 0.00000, 'UM', '2', ',', '', 0, 1),
(96, 'Mauritian rupee', '', 'MUR', 480, 0.00000, '₨', '2', ',', '', 0, 1),
(97, 'Maldivian rufiyaa', '', 'MVR', 462, 0.00000, 'ރ.', '2', ',', '', 0, 1),
(98, 'Malawian kwacha', '', 'MWK', 454, 0.00000, 'MK', '2', ',', '', 0, 1),
(100, 'Malaysian ringgit', '', 'MYR', 458, 0.00000, 'RM', '2', ',', '', 0, 1),
(102, 'Nigerian naira', '', 'NGN', 566, 0.00000, '₦', '2', ',', '', 0, 1),
(105, 'Norwegian krone', '', 'NOK', 578, 0.00000, 'kr', '2', ',', '', 0, 1),
(106, 'Nepalese rupee', '', 'NPR', 524, 0.00000, '₨', '2', ',', '', 0, 1),
(107, 'New Zealand dollar', '', 'NZD', 554, 0.00000, '$', '2', ',', '', 0, 1),
(108, 'Omani rial', '', 'OMR', 512, 0.00000, '﷼', '3', '.', '', 0, 1),
(109, 'Panamanian balboa', '', 'PAB', 590, 0.00000, 'B/.', '2', ',', '', 0, 1),
(110, 'Peruvian nuevo sol', '', 'PEN', 604, 0.00000, 'S/.', '2', ',', '', 0, 1),
(111, 'Papua New Guinean kina', '', 'PGK', 598, 0.00000, 'K', '2', ',', '', 0, 1),
(112, 'Philippine peso', '', 'PHP', 608, 0.00000, '₱', '2', ',', '', 0, 1),
(113, 'Pakistani rupee', '', 'PKR', 586, 0.00000, '₨', '2', ',', '', 0, 1),
(114, 'Polish Złoty', '', 'PLN', 985, 0.00000, 'zł', '2', ',', '', 0, 1),
(116, 'Paraguayan guaraní', '', 'PYG', 600, 0.00000, '₲', '0', '', '.', 0, 1),
(117, 'Qatari riyal', '', 'QAR', 634, 0.00000, '﷼', '2', ',', '', 0, 1),
(118, 'Romanian leu', '', 'RON', 946, 0.00000, 'lei', '2', ',', '.', 0, 1),
(119, 'Rwandan franc', '', 'RWF', 646, 0.00000, 'Fr', '2', ',', '', 0, 1),
(120, 'Saudi riyal', '', 'SAR', 682, 0.00000, '﷼', '2', ',', '', 0, 1),
(121, 'Solomon Islands dollar', '', 'SBD', 90, 0.00000, '$', '2', ',', '', 0, 1),
(122, 'Seychellois rupee', '', 'SCR', 690, 0.00000, '₨', '2', ',', '', 0, 1),
(124, 'Swedish krona', '', 'SEK', 752, 0.00000, 'kr', '2', ',', '.', 0, 1),
(125, 'Singapore dollar', '', 'SGD', 702, 0.00000, '$', '2', ',', '', 0, 1),
(126, 'Saint Helenian pound', '', 'SHP', 654, 0.00000, '£', '2', ',', '', 0, 1),
(127, 'Sierra Leonean leone', '', 'SLL', 694, 0.00000, 'Le', '2', ',', '', 0, 1),
(128, 'Somali shilling', '', 'SOS', 706, 0.00000, 'S', '2', ',', '', 0, 1),
(130, 'São Tomé and Príncipe dobra', '', 'STD', 678, 0.00000, 'Db', '0', '', '', 0, 1),
(131, 'Russian ruble', '', 'RUB', 643, 0.00000, 'руб', '2', ',', '', 0, 1),
(132, 'Salvadoran colón', '', 'SVC', 222, 0.00000, '$', '2', ',', '', 0, 1),
(133, 'Syrian pound', '', 'SYP', 760, 0.00000, '£', '2', ',', '', 0, 1),
(134, 'Swazi lilangeni', '', 'SZL', 748, 0.00000, 'L', '2', ',', '', 0, 1),
(135, 'Thai baht', '', 'THB', 764, 0.00000, '฿', '2', ',', '', 0, 1),
(136, 'Tunisian dinar', '', 'TND', 788, 0.00000, 'د.ت', '3', ',', '', 0, 1),
(137, 'Tongan paʻanga', '', 'TOP', 776, 0.00000, 'T$', '2', ',', '', 0, 1),
(139, 'Turkish new lira', '', 'TRY', 949, 0.00000, 'YTL', '2', ',', '.', 0, 1),
(140, 'Trinidad and Tobago dollar', '', 'TTD', 780, 0.00000, 'TT$', '2', ',', '', 0, 1),
(141, 'New Taiwan dollar', '', 'TWD', 901, 0.00000, 'NT$', '2', ',', '', 0, 1),
(142, 'Tanzanian shilling', '', 'TZS', 834, 0.00000, 'Sh', '2', ',', '', 0, 1),
(144, 'United States dollar', '', 'USD', 840, 0.00000, '$', '2', '.', ',', 0, 1),
(147, 'Vietnamese Dong', '', 'VND', 704, 0.00000, '₫', '0', '', '', 0, 1),
(148, 'Vanuatu vatu', '', 'VUV', 548, 0.00000, 'Vt', '2', ',', '', 0, 1),
(149, 'Samoan tala', '', 'WST', 882, 0.00000, 'T', '2', ',', '', 0, 1),
(151, 'Yemeni rial', '', 'YER', 886, 0.00000, '﷼', '2', ',', '', 0, 1),
(152, 'Serbian dinar', '', 'RSD', 941, 0.00000, 'Дин.', '2', ',', '', 0, 1),
(153, 'South African rand', '', 'ZAR', 710, 0.00000, 'R', '2', ',', '', 0, 1),
(154, 'Zambian kwacha', '', 'ZMK', 894, 0.00000, 'ZK', '2', ',', '', 0, 1),
(156, 'Zimbabwean dollar', '', 'ZWD', 932, 0.00000, 'Z$', '2', ',', '', 0, 1),
(158, 'Armenian dram', '', 'AMD', 51, 0.00000, 'դր.', '2', ',', '', 0, 1),
(159, 'Myanmar kyat', '', 'MMK', 104, 0.00000, 'K', '2', ',', '', 0, 1),
(160, 'Croatian kuna', '', 'HRK', 191, 0.00000, 'kn', '2', ',', '.', 0, 1),
(161, 'Eritrean nakfa', '', 'ERN', 232, 0.00000, 'Nfk', '2', ',', '', 0, 1),
(162, 'Djiboutian franc', '', 'DJF', 262, 0.00000, 'Fr', '0', '', '', 0, 1),
(163, 'Icelandic króna', '', 'ISK', 352, 0.00000, 'kr', '2', ',', '', 0, 1),
(164, 'Kazakhstani tenge', '', 'KZT', 398, 0.00000, 'лв', '2', ',', '', 0, 1),
(165, 'Kyrgyzstani som', '', 'KGS', 417, 0.00000, 'лв', '2', ',', '', 0, 1),
(166, 'Latvian lats', '', 'LVL', 428, 0.00000, 'Ls', '2', ',', '', 0, 1),
(167, 'Lithuanian litas', '', 'LTL', 440, 0.00000, 'Lt', '2', ',', '', 0, 1),
(168, 'Mexican peso', '', 'MXN', 484, 0.00000, '$', '2', ',', '', 0, 1),
(169, 'Moldovan leu', '', 'MDL', 498, 0.00000, 'L', '2', ',', '', 0, 1),
(170, 'Namibian dollar', '', 'NAD', 516, 0.00000, '$', '2', ',', '', 0, 1),
(171, 'Nicaraguan córdoba', '', 'NIO', 558, 0.00000, 'C$', '2', ',', '', 0, 1),
(172, 'Ugandan shilling', '', 'UGX', 800, 0.00000, 'Sh', '2', ',', '', 0, 1),
(173, 'Macedonian denar', '', 'MKD', 807, 0.00000, 'ден', '2', ',', '', 0, 1),
(174, 'Uruguayan peso', '', 'UYU', 858, 0.00000, '$', '0', '', '', 0, 1),
(175, 'Uzbekistani som', '', 'UZS', 860, 0.00000, 'лв', '2', ',', '', 0, 1),
(176, 'Azerbaijani manat', '', 'AZN', 934, 0.00000, 'ман', '2', ',', '', 0, 1),
(177, 'Ghanaian cedi', '', 'GHS', 936, 0.00000, '₵', '2', ',', '', 0, 1),
(178, 'Venezuelan bolívar', '', 'VEF', 937, 0.00000, 'Bs', '2', ',', '', 0, 1),
(179, 'Sudanese pound', '', 'SDG', 938, 0.00000, '£', '2', ',', '', 0, 1),
(180, 'Uruguay Peso', '', 'UYI', 940, 0.00000, 'UYI', '2', ',', '', 0, 1),
(181, 'Mozambican metical', '', 'MZN', 943, 0.00000, 'MT', '2', ',', '', 0, 1),
(182, 'WIR Euro', '', 'CHE', 947, 0.00000, '€', '2', ',', '', 0, 1),
(183, 'WIR Franc', '', 'CHW', 948, 0.00000, 'CHW', '2', ',', '', 0, 1),
(184, 'Central African CFA franc', '', 'XAF', 950, 0.00000, 'Fr', '0', '', '', 0, 1),
(185, 'East Caribbean dollar', '', 'XCD', 951, 0.00000, '$', '2', ',', '', 0, 1),
(186, 'West African CFA franc', '', 'XOF', 952, 0.00000, 'Fr', '2', ',', '', 0, 1),
(187, 'CFP franc', '', 'XPF', 953, 0.00000, 'Fr', '2', ',', '', 0, 1),
(188, 'Surinamese dollar', '', 'SRD', 968, 0.00000, '$', '2', ',', '', 0, 1),
(189, 'Malagasy ariary', '', 'MGA', 969, 0.00000, 'MGA', '2', ',', '', 0, 1),
(190, 'Unidad de Valor Real', '', 'COU', 970, 0.00000, 'COU', '2', ',', '', 0, 1),
(191, 'Afghan afghani', '', 'AFN', 971, 0.00000, '؋', '2', ',', '', 0, 1),
(192, 'Tajikistani somoni', '', 'TJS', 972, 0.00000, 'ЅМ', '2', ',', '', 0, 1),
(193, 'Angolan kwanza', '', 'AOA', 973, 0.00000, 'Kz', '2', ',', '', 0, 1),
(194, 'Belarusian ruble', '', 'BYR', 974, 0.00000, 'p.', '0', '', '', 0, 1),
(195, 'Bulgarian lev', '', 'BGN', 975, 0.00000, 'лв', '2', ',', '', 0, 1),
(196, 'Congolese franc', '', 'CDF', 976, 0.00000, 'Fr', '2', ',', '', 0, 1),
(197, 'Bosnia and Herzegovina convert', '', 'BAM', 977, 0.00000, 'KM', '2', ',', '', 0, 1),
(198, 'Mexican Unid', '', 'MXV', 979, 0.00000, 'MXV', '2', ',', '', 0, 1),
(199, 'Ukrainian hryvnia', '', 'UAH', 980, 0.00000, '₴', '2', ',', '', 0, 1),
(200, 'Georgian lari', '', 'GEL', 981, 0.00000, 'ლ', '2', ',', '', 0, 1),
(201, 'Mvdol', '', 'BOV', 984, 0.00000, 'BOV', '2', ',', '', 0, 1),
(202, '', '', '', NULL, 0.00000, '', '', '', '', 0, 1),
(203, 'asdasfdasf', '', '', NULL, 0.00000, '', '', '', '', 0, 1);

-- --------------------------------------------------------

--
-- Table structure for table `os_directory`
--

DROP TABLE IF EXISTS `os_directory`;
CREATE TABLE IF NOT EXISTS `os_directory` (
  `id` int(10) NOT NULL AUTO_INCREMENT COMMENT 'ID',
  `category` varchar(250) NOT NULL COMMENT 'Category',
  `title` varchar(255) NOT NULL COMMENT 'Title',
  `email` varchar(255) DEFAULT NULL COMMENT 'Email',
  `mobile` varchar(100) DEFAULT NULL COMMENT 'Mobile',
  `telephone` varchar(255) DEFAULT NULL COMMENT 'Phone',
  `fax` varchar(255) DEFAULT NULL COMMENT 'Fax',
  `website` varchar(255) DEFAULT NULL COMMENT 'Website',
  `address` varchar(255) DEFAULT NULL COMMENT 'Address',
  `country` int(11) DEFAULT NULL COMMENT 'Country',
  `state` int(11) DEFAULT NULL COMMENT 'State',
  `city` int(11) DEFAULT '0' COMMENT 'City',
  `district` int(11) DEFAULT '0' COMMENT 'Didtrict',
  `thana` int(11) DEFAULT '0' COMMENT 'Thana',
  `postcode` varchar(50) DEFAULT NULL COMMENT 'Postcode',
  `details` text COMMENT 'Details',
  `created_on` timestamp NULL DEFAULT CURRENT_TIMESTAMP ON UPDATE CURRENT_TIMESTAMP COMMENT 'Created On',
  `created_by` int(11) DEFAULT '1' COMMENT 'Created By',
  `modified_on` datetime DEFAULT '0000-00-00 00:00:00' COMMENT 'Modified On',
  `modified_by` int(11) DEFAULT '1' COMMENT 'Modified By',
  `hits` int(11) DEFAULT '0' COMMENT 'Hits',
  `status` tinyint(1) DEFAULT '1' COMMENT 'Status',
  PRIMARY KEY (`id`),
  KEY `link_name` (`title`),
  FULLTEXT KEY `link_name_desc` (`title`,`details`)
) ENGINE=MyISAM DEFAULT CHARSET=utf8 AUTO_INCREMENT=1 ;

-- --------------------------------------------------------

--
-- Table structure for table `os_directory_category`
--

DROP TABLE IF EXISTS `os_directory_category`;
CREATE TABLE IF NOT EXISTS `os_directory_category` (
  `id` int(11) NOT NULL AUTO_INCREMENT COMMENT 'ID',
  `parent` int(11) DEFAULT '0' COMMENT 'Parent',
  `title` varchar(250) COLLATE utf8_unicode_ci NOT NULL COMMENT 'Category',
  `details` text COLLATE utf8_unicode_ci COMMENT 'Details',
  `status` tinyint(1) DEFAULT '1' COMMENT 'Status',
  PRIMARY KEY (`id`)
) ENGINE=InnoDB DEFAULT CHARSET=utf8 COLLATE=utf8_unicode_ci AUTO_INCREMENT=1 ;

-- --------------------------------------------------------

--
-- Table structure for table `os_district`
--

DROP TABLE IF EXISTS `os_district`;
CREATE TABLE IF NOT EXISTS `os_district` (
  `id` int(10) NOT NULL AUTO_INCREMENT COMMENT 'ID',
  `country_id` int(11) NOT NULL DEFAULT '18' COMMENT 'Country',
  `state_id` int(11) NOT NULL COMMENT 'State',
  `city_id` int(11) NOT NULL COMMENT 'City',
  `district_name` varchar(250) COLLATE utf8_unicode_ci NOT NULL COMMENT 'District',
  `status` tinyint(1) NOT NULL DEFAULT '1' COMMENT 'Status',
  PRIMARY KEY (`id`),
  KEY `district_country` (`country_id`),
  KEY `district_state` (`state_id`),
  KEY `district_city` (`city_id`)
) ENGINE=InnoDB  DEFAULT CHARSET=utf8 COLLATE=utf8_unicode_ci AUTO_INCREMENT=65 ;

--
-- Dumping data for table `os_district`
--

INSERT INTO `os_district` (`id`, `country_id`, `state_id`, `city_id`, `district_name`, `status`) VALUES
(1, 18, 656, 46, 'Bagerhat', 1),
(2, 18, 653, 3, 'Bandarban', 1),
(3, 18, 655, 39, 'Barguna', 1),
(4, 18, 655, 38, 'Barisal', 1),
(5, 18, 655, 41, 'Bhola', 1),
(6, 18, 657, 56, 'Bogra', 1),
(7, 18, 653, 4, 'Brahmanbaria', 1),
(8, 18, 653, 7, 'Chandpur', 1),
(9, 18, 653, 17, 'Chittagong', 1),
(10, 18, 656, 47, 'Chuadanga', 1),
(11, 18, 653, 18, 'Comilla', 1),
(12, 18, 653, 2, 'Cox''s Bazar', 1),
(13, 18, 654, 19, 'Dhaka', 1),
(14, 18, 658, 65, 'Dinajpur', 1),
(15, 18, 654, 24, 'Faridpur', 1),
(16, 18, 653, 9, 'Feni', 1),
(17, 18, 658, 66, 'Gaibandha', 1),
(18, 18, 654, 21, 'Gazipur', 1),
(19, 18, 654, 24, 'Gopalganj', 1),
(20, 18, 659, 73, 'Habiganj', 1),
(21, 18, 654, 25, 'Jamalpur', 1),
(22, 18, 656, 48, 'Jessore', 1),
(23, 18, 656, 49, 'Jhenaidah', 1),
(24, 18, 657, 57, 'Joypurhat', 1),
(25, 18, 653, 10, 'Khagrachhari', 1),
(26, 18, 656, 45, 'Khulna', 1),
(27, 18, 654, 26, 'Kishoreganj', 1),
(28, 18, 658, 67, 'Kurigram	', 1),
(29, 18, 656, 50, 'Kushtia', 1),
(30, 18, 653, 12, 'Lakshmipur', 1),
(31, 18, 658, 68, 'Lalmonirhat', 1),
(32, 18, 654, 28, 'Madaripur', 1),
(33, 18, 656, 51, 'Magura', 1),
(34, 18, 654, 27, 'Manikganj', 1),
(35, 18, 659, 74, 'Maulvibazar', 1),
(36, 18, 656, 52, 'Meherpur', 1),
(37, 18, 654, 29, 'Munshiganj', 1),
(38, 18, 654, 30, 'Mymensingh', 1),
(39, 18, 657, 58, 'Naogaon', 1),
(40, 18, 656, 53, 'Narail', 1),
(41, 18, 654, 20, 'Narayanganj', 1),
(42, 18, 654, 31, 'Narsingdi', 1),
(43, 18, 657, 59, 'Natore', 1),
(44, 18, 657, 60, 'Nawabganj', 1),
(45, 18, 654, 32, 'Netrakona', 1),
(46, 18, 658, 69, 'Nilphamari', 1),
(47, 18, 653, 13, 'Noakhali', 1),
(48, 18, 657, 61, 'Pabna', 1),
(49, 18, 658, 70, 'Panchagarh', 1),
(50, 18, 655, 43, 'Patuakhali', 1),
(51, 18, 655, 44, 'Pirojpur', 1),
(52, 18, 654, 33, 'Rajbari', 1),
(53, 18, 657, 55, 'Rajshahi', 1),
(54, 18, 653, 14, 'Rangamati', 1),
(55, 18, 658, 63, 'Rangpur', 1),
(56, 18, 656, 54, 'Satkhira', 1),
(57, 18, 654, 34, 'Shariatpur', 1),
(58, 18, 654, 35, 'Sherpur', 1),
(59, 18, 657, 62, 'Sirajganj', 1),
(60, 18, 659, 76, 'Sunamganj', 1),
(61, 18, 659, 72, 'Sylhet', 1),
(62, 18, 654, 36, 'Tangail', 1),
(63, 18, 658, 71, 'Thakurgaon', 1),
(64, 18, 655, 42, 'Jhalokati', 1);

-- --------------------------------------------------------

--
-- Table structure for table `os_document`
--

DROP TABLE IF EXISTS `os_document`;
CREATE TABLE IF NOT EXISTS `os_document` (
  `id` int(11) NOT NULL AUTO_INCREMENT COMMENT 'ID',
  `category` int(11) NOT NULL COMMENT 'Category',
  `title` varchar(255) CHARACTER SET utf8 NOT NULL COMMENT 'Document',
  `document_file` varchar(255) CHARACTER SET utf8 DEFAULT NULL COMMENT 'File',
  `document_type` varchar(50) CHARACTER SET utf8 DEFAULT NULL COMMENT 'Type',
  `document_size` varchar(50) CHARACTER SET utf8 DEFAULT NULL COMMENT 'Size',
  `details` text CHARACTER SET utf8 COMMENT 'Details',
  `created_on` timestamp NULL DEFAULT '0000-00-00 00:00:00' COMMENT 'Created On',
  `created_by` int(11) DEFAULT NULL COMMENT 'Created By',
  `modified_on` datetime DEFAULT '0000-00-00 00:00:00' COMMENT 'Modified On',
  `modified_by` int(11) DEFAULT NULL COMMENT 'Modified By',
  `status` tinyint(1) DEFAULT '1' COMMENT 'Status',
  PRIMARY KEY (`id`),
  KEY `category` (`category`)
) ENGINE=InnoDB DEFAULT CHARSET=utf8 COLLATE=utf8_unicode_ci AUTO_INCREMENT=1 ;

-- --------------------------------------------------------

--
-- Table structure for table `os_document_category`
--

DROP TABLE IF EXISTS `os_document_category`;
CREATE TABLE IF NOT EXISTS `os_document_category` (
  `id` int(11) NOT NULL AUTO_INCREMENT COMMENT 'ID',
  `parent` int(11) NOT NULL DEFAULT '0' COMMENT 'Parent',
  `title` varchar(255) NOT NULL COMMENT 'Category',
  `details` text COMMENT 'Details',
  `status` tinyint(1) DEFAULT '1' COMMENT 'Status',
  PRIMARY KEY (`id`),
  KEY `cat_idx` (`status`)
) ENGINE=InnoDB DEFAULT CHARSET=utf8 AUTO_INCREMENT=1 ;

-- --------------------------------------------------------

--
-- Table structure for table `os_massmail`
--

DROP TABLE IF EXISTS `os_massmail`;
CREATE TABLE IF NOT EXISTS `os_massmail` (
  `id` int(10) unsigned NOT NULL AUTO_INCREMENT COMMENT 'ID',
  `subject` varchar(250) COLLATE utf8_unicode_ci NOT NULL COMMENT 'Subject',
  `message_body` text COLLATE utf8_unicode_ci NOT NULL COMMENT 'Message',
  `created_on` timestamp NOT NULL DEFAULT CURRENT_TIMESTAMP ON UPDATE CURRENT_TIMESTAMP COMMENT 'Created On',
  `created_by` int(11) DEFAULT NULL COMMENT 'Created By',
  `modified_on` datetime DEFAULT NULL COMMENT 'Modified On',
  `modified_by` int(11) DEFAULT NULL COMMENT 'Modified By',
  PRIMARY KEY (`id`)
) ENGINE=InnoDB DEFAULT CHARSET=utf8 COLLATE=utf8_unicode_ci AUTO_INCREMENT=1 ;

-- --------------------------------------------------------

--
-- Table structure for table `os_menu`
--

DROP TABLE IF EXISTS `os_menu`;
CREATE TABLE IF NOT EXISTS `os_menu` (
  `id` int(10) NOT NULL AUTO_INCREMENT COMMENT 'ID',
  `parent` int(11) DEFAULT '0' COMMENT 'Parent',
  `title` varchar(150) COLLATE utf8_unicode_ci NOT NULL COMMENT 'Menu',
  `controller` varchar(100) COLLATE utf8_unicode_ci DEFAULT NULL COMMENT 'Controller',
  `url` varchar(150) COLLATE utf8_unicode_ci NOT NULL COMMENT 'URL',
  `groups` varchar(250) COLLATE utf8_unicode_ci DEFAULT '1' COMMENT 'Groups',
  `icon` varchar(100) COLLATE utf8_unicode_ci DEFAULT NULL COMMENT 'Icon',
  `ordering` int(11) DEFAULT NULL COMMENT 'Ordering',
  `status` tinyint(1) DEFAULT '1' COMMENT 'Status',
  PRIMARY KEY (`id`)
) ENGINE=InnoDB  DEFAULT CHARSET=utf8 COLLATE=utf8_unicode_ci AUTO_INCREMENT=65 ;

--
-- Dumping data for table `os_menu`
--

INSERT INTO `os_menu` (`id`, `parent`, `title`, `controller`, `url`, `groups`, `icon`, `ordering`, `status`) VALUES
(1, 0, 'Dashboard', 'site', '/site/index', '1', 'fa fa-lg fa-fw fa-home', 1, 1),
(2, 0, 'Modules', '#', '', '1', 'fa fa-lg fa-fw fa-plus-square', 3, 1),
(3, 0, 'Settings', '#', '', '1', 'fa fa-lg fa-fw fa-cogs', 5, 1),
(4, 0, 'Access Control', '#', '', '1', 'fa fa-lg fa-fw fa-key', 2, 1),
(5, 2, 'Contents', '#', '', '1', NULL, 1, 1),
(6, 5, 'Category', 'contentCategory', '/contentcategory/index', '1', 'fa fa-folder-open', 0, 1),
(7, 5, 'Content', 'content', '/content/index', '1', 'fa fa-folder-open', 0, 1),
(8, 2, 'Directory', '#', '#', '1', NULL, 2, 1),
(9, 8, 'Category', 'directoryCategory', '/directorycategory/index', '1', 'fa fa-folder-open', 1, 1),
(10, 8, 'Directory', 'directory', '/directory/index', '1', 'fa fa-folder-open', 2, 1),
(11, 2, 'Documents', '#', '', '1', NULL, 3, 1),
(12, 11, 'Category', 'documentCategory', '/documentcategory/index', '1', 'fa fa-folder-open', 1, 1),
(13, 11, 'Documents', 'document', '/document/index', '1', 'fa fa-folder-open', 2, 1),
(14, 2, 'Banners', '#', '', '1', NULL, 4, 1),
(15, 14, 'Category', 'bannerCategory', '/bannercategory/index', '1', 'fa fa-folder-open', 1, 1),
(16, 14, 'Banner', 'banner', '/banner/index', '1', 'fa fa-folder-open', 2, 1),
(17, 2, 'Weblinks', '#', '', '1', NULL, 5, 1),
(18, 17, 'Category', 'weblinkCategory', '/weblinkcategory/index', '1', 'fa fa-folder-open', 1, 1),
(19, 17, 'Weblinks', 'weblink', '/weblink/index', '1', 'fa fa-folder-open', 2, 1),
(20, 2, 'Subscriber', '#', '#', '1', NULL, 6, 1),
(21, 2, 'Mass Mail', 'massmail', '/massmail/admin', '1', NULL, 7, 1),
(22, 4, 'Audit Trail', '#', '', '1', NULL, 5, 1),
(23, 22, 'Admin Audit Trail', 'auditTrail', '/auditTrail/admin', '1', NULL, 1, 1),
(24, 22, 'User Audit Trail', 'auditTrail', '/auditTrail/user', '1', NULL, 2, 1),
(25, 3, 'Country', 'country', '/country/index', '1', NULL, 1, 1),
(26, 3, 'State', 'state', '/state/index', '1', NULL, 2, 1),
(27, 3, 'City', 'city', '/city/index', '1', NULL, 3, 1),
(28, 3, 'District', 'district', '/district/index', '1', NULL, 4, 1),
(29, 3, 'Thana', 'thana', '/thana/index', '1', NULL, 5, 1),
(30, 3, 'Currency', 'currency', '/currency/index', '1', NULL, 6, 1),
(31, 3, 'User Status', 'userStatus', '/userstatus/index', '1', NULL, 7, 1),
(32, 4, 'User Group', 'userGroup', '/usergroup/index', '1', NULL, 1, 1),
(33, 4, 'Controllers', 'aclController', '/aclController/admin', '1', NULL, 2, 1),
(34, 4, 'Admin User', 'userAdmin', '/userAdmin/index', '1', NULL, 3, 1),
(35, 4, 'Site User', 'user', '/user/index', '1', NULL, 4, 1),
(36, 3, 'Menu Manager', 'menu', '/menu/index', '1', NULL, 8, 1),
(37, 4, 'Online Users', '#', '#', '1', '', 6, 1),
(38, 37, 'Admin Online Users', 'onlineUser', '/onlineUser/admin', '1', '', 1, 1),
(39, 37, 'Site Online Users', 'onlineUser', '/onlineUser/user', '1', '', 2, 1),
(40, 4, 'Visitor Statistics', '#', '#', '1', '', 7, 1),
(41, 40, 'Admin Visitors', 'visitor', '/visitor/admin', '1', '', 1, 1),
(42, 40, 'Frontend Visitors', 'visitor', '/visitor/user', '1', '', 2, 1),
(43, 2, 'Clients', '', '#', '1', '', 8, 1),
(44, 43, 'Client Category', 'clientCategory', '/clientCategory/admin', '1', '', 2, 1),
(45, 43, 'Clients', 'client', '/client/admin', '1', '', 1, 1),
(46, 20, 'Subscriber', 'subscriber', '/subscriber/index', '1', 'fa fa-folder-open', 1, 1),
(47, 20, 'Groups', 'subscriberGroup', '/subscribergroup/index', '1', 'fa fa-folder-open', 2, 1),
(48, 0, 'Ecommerce', '#', '#', '1', 'fa fa-lg fa-fw fa-shopping-cart', 4, 1),
(49, 48, 'Catalog', '#', '#', '1', '', 1, 1),
(50, 48, 'Sales', '#', '#', '1', '', 2, 1),
(51, 48, 'Customers', '#', '#', '1', '', 3, 1),
(52, 48, 'Promotions', '#', '#', '1', '', 4, 1),
(53, 48, 'Reports', '#', '#', '1', '', 5, 1),
(54, 48, 'System', '#', '#', '1', '', 6, 1),
(55, 49, 'Products', 'product', '/product/index', '1', 'fa fa-folder-open', 1, 1),
(56, 49, 'Categories', 'productCategory', '/productcategory/index', '1', 'fa fa-folder-open', 2, 1),
(57, 49, 'Attributes', 'productAttribute', '/productattribute/index', '1', 'fa fa-folder-open', 3, 1),
(58, 50, 'Orders', '#', '#', '1', 'fa fa-folder-open', 1, 1),
(59, 50, 'Invoices', '#', '#', '1', 'fa fa-folder-open', 2, 1),
(60, 50, 'Shipments', '#', '#', '1', 'fa fa-folder-open', 3, 1),
(61, 50, 'Transactions', '#', '#', '1', 'fa fa-folder-open', 3, 1),
(62, 51, 'Customers', '#', '#', '1', 'fa fa-folder-open', 1, 1),
(63, 51, 'Groups', '#', '#', '1', 'fa fa-folder-open', 2, 1),
(64, 54, 'Stores', '#', '#', '1', 'fa fa-folder-open', 1, 1);

-- --------------------------------------------------------

--
-- Table structure for table `os_migration`
--

DROP TABLE IF EXISTS `os_migration`;
CREATE TABLE IF NOT EXISTS `os_migration` (
  `version` varchar(180) COLLATE utf8_unicode_ci NOT NULL,
  `apply_time` int(11) DEFAULT NULL,
  PRIMARY KEY (`version`)
) ENGINE=InnoDB DEFAULT CHARSET=utf8 COLLATE=utf8_unicode_ci;

--
-- Dumping data for table `os_migration`
--

INSERT INTO `os_migration` (`version`, `apply_time`) VALUES
('m000000_000000_base', 1422434514),
('m130524_201442_init', 1422434528);

-- --------------------------------------------------------

--
-- Table structure for table `os_state`
--

DROP TABLE IF EXISTS `os_state`;
CREATE TABLE IF NOT EXISTS `os_state` (
  `id` int(11) NOT NULL AUTO_INCREMENT COMMENT 'ID',
  `country_id` int(11) NOT NULL COMMENT 'Country',
  `state_name` varchar(250) COLLATE utf8_unicode_ci NOT NULL COMMENT 'State/Division',
  `state_3_code` varchar(3) COLLATE utf8_unicode_ci DEFAULT NULL COMMENT 'Code 3',
  `state_2_code` varchar(2) COLLATE utf8_unicode_ci DEFAULT NULL COMMENT 'Code 2',
  `ordering` int(11) DEFAULT NULL COMMENT 'Ordering',
  `status` tinyint(1) DEFAULT '1' COMMENT 'Status',
  PRIMARY KEY (`id`),
  KEY `country_state` (`country_id`)
) ENGINE=InnoDB  DEFAULT CHARSET=utf8 COLLATE=utf8_unicode_ci AUTO_INCREMENT=660 ;

--
-- Dumping data for table `os_state`
--

INSERT INTO `os_state` (`id`, `country_id`, `state_name`, `state_3_code`, `state_2_code`, `ordering`, `status`) VALUES
(1, 223, 'Alabama', 'ALA', 'AL', 0, 1),
(2, 223, 'Alaska', 'ALK', 'AK', 0, 1),
(3, 223, 'Arizona', 'ARZ', 'AZ', 0, 1),
(4, 223, 'Arkansas', 'ARK', 'AR', 0, 1),
(5, 223, 'California', 'CAL', 'CA', 0, 1),
(6, 223, 'Colorado', 'COL', 'CO', 0, 1),
(7, 223, 'Connecticut', 'CCT', 'CT', 0, 1),
(8, 223, 'Delaware', 'DEL', 'DE', 0, 1),
(9, 223, 'District Of Columbia', 'DOC', 'DC', 0, 1),
(10, 223, 'Florida', 'FLO', 'FL', 0, 1),
(11, 223, 'Georgia', 'GEA', 'GA', 0, 1),
(12, 223, 'Hawaii', 'HWI', 'HI', 0, 1),
(13, 223, 'Idaho', 'IDA', 'ID', 0, 1),
(14, 223, 'Illinois', 'ILL', 'IL', 0, 1),
(15, 223, 'Indiana', 'IND', 'IN', 0, 1),
(16, 223, 'Iowa', 'IOA', 'IA', 0, 1),
(17, 223, 'Kansas', 'KAS', 'KS', 0, 1),
(18, 223, 'Kentucky', 'KTY', 'KY', 0, 1),
(19, 223, 'Louisiana', 'LOA', 'LA', 0, 1),
(20, 223, 'Maine', 'MAI', 'ME', 0, 1),
(21, 223, 'Maryland', 'MLD', 'MD', 0, 1),
(22, 223, 'Massachusetts', 'MSA', 'MA', 0, 1),
(23, 223, 'Michigan', 'MIC', 'MI', 0, 1),
(24, 223, 'Minnesota', 'MIN', 'MN', 0, 1),
(25, 223, 'Mississippi', 'MIS', 'MS', 0, 1),
(26, 223, 'Missouri', 'MIO', 'MO', 0, 1),
(27, 223, 'Montana', 'MOT', 'MT', 0, 1),
(28, 223, 'Nebraska', 'NEB', 'NE', 0, 1),
(29, 223, 'Nevada', 'NEV', 'NV', 0, 1),
(30, 223, 'New Hampshire', 'NEH', 'NH', 0, 1),
(31, 223, 'New Jersey', 'NEJ', 'NJ', 0, 1),
(32, 223, 'New Mexico', 'NEM', 'NM', 0, 1),
(33, 223, 'New York', 'NEY', 'NY', 0, 1),
(34, 223, 'North Carolina', 'NOC', 'NC', 0, 1),
(35, 223, 'North Dakota', 'NOD', 'ND', 0, 1),
(36, 223, 'Ohio', 'OHI', 'OH', 0, 1),
(37, 223, 'Oklahoma', 'OKL', 'OK', 0, 1),
(38, 223, 'Oregon', 'ORN', 'OR', 0, 1),
(39, 223, 'Pennsylvania', 'PEA', 'PA', 0, 1),
(40, 223, 'Rhode Island', 'RHI', 'RI', 0, 1),
(41, 223, 'South Carolina', 'SOC', 'SC', 0, 1),
(42, 223, 'South Dakota', 'SOD', 'SD', 0, 1),
(43, 223, 'Tennessee', 'TEN', 'TN', 0, 1),
(44, 223, 'Texas', 'TXS', 'TX', 0, 1),
(45, 223, 'Utah', 'UTA', 'UT', 0, 1),
(46, 223, 'Vermont', 'VMT', 'VT', 0, 1),
(47, 223, 'Virginia', 'VIA', 'VA', 0, 1),
(48, 223, 'Washington', 'WAS', 'WA', 0, 1),
(49, 223, 'West Virginia', 'WEV', 'WV', 0, 1),
(50, 223, 'Wisconsin', 'WIS', 'WI', 0, 1),
(51, 223, 'Wyoming', 'WYO', 'WY', 0, 1),
(52, 38, 'Alberta', 'ALB', 'AB', 0, 1),
(53, 38, 'British Columbia', 'BRC', 'BC', 0, 1),
(54, 38, 'Manitoba', 'MAB', 'MB', 0, 1),
(55, 38, 'New Brunswick', 'NEB', 'NB', 0, 1),
(56, 38, 'Newfoundland and Labrador', 'NFL', 'NL', 0, 1),
(57, 38, 'Northwest Territories', 'NWT', 'NT', 0, 1),
(58, 38, 'Nova Scotia', 'NOS', 'NS', 0, 1),
(59, 38, 'Nunavut', 'NUT', 'NU', 0, 1),
(60, 38, 'Ontario', 'ONT', 'ON', 0, 1),
(61, 38, 'Prince Edward Island', 'PEI', 'PE', 0, 1),
(62, 38, 'Quebec', 'QEC', 'QC', 0, 1),
(63, 38, 'Saskatchewan', 'SAK', 'SK', 0, 1),
(64, 38, 'Yukon', 'YUT', 'YT', 0, 1),
(65, 222, 'England', 'ENG', 'EN', 0, 1),
(66, 222, 'Northern Ireland', 'NOI', 'NI', 0, 1),
(67, 222, 'Scotland', 'SCO', 'SD', 0, 1),
(68, 222, 'Wales', 'WLS', 'WS', 0, 1),
(69, 13, 'Australian Capital Territory', 'ACT', 'AC', 0, 1),
(70, 13, 'New South Wales', 'NSW', 'NS', 0, 1),
(71, 13, 'Northern Territory', 'NOT', 'NT', 0, 1),
(72, 13, 'Queensland', 'QLD', 'QL', 0, 1),
(73, 13, 'South Australia', 'SOA', 'SA', 0, 1),
(74, 13, 'Tasmania', 'TAS', 'TS', 0, 1),
(75, 13, 'Victoria', 'VIC', 'VI', 0, 1),
(76, 13, 'Western Australia', 'WEA', 'WA', 0, 1),
(77, 138, 'Aguascalientes', 'AGS', 'AG', 0, 1),
(78, 138, 'Baja California Norte', 'BCN', 'BN', 0, 1),
(79, 138, 'Baja California Sur', 'BCS', 'BS', 0, 1),
(80, 138, 'Campeche', 'CAM', 'CA', 0, 1),
(81, 138, 'Chiapas', 'CHI', 'CS', 0, 1),
(82, 138, 'Chihuahua', 'CHA', 'CH', 0, 1),
(83, 138, 'Coahuila', 'COA', 'CO', 0, 1),
(84, 138, 'Colima', 'COL', 'CM', 0, 1),
(85, 138, 'Distrito Federal', 'DFM', 'DF', 0, 1),
(86, 138, 'Durango', 'DGO', 'DO', 0, 1),
(87, 138, 'Guanajuato', 'GTO', 'GO', 0, 1),
(88, 138, 'Guerrero', 'GRO', 'GU', 0, 1),
(89, 138, 'Hidalgo', 'HGO', 'HI', 0, 1),
(90, 138, 'Jalisco', 'JAL', 'JA', 0, 1),
(91, 138, 'M', 'EDM', 'EM', 0, 1),
(92, 138, 'Michoac', 'MCN', 'MI', 0, 1),
(93, 138, 'Morelos', 'MOR', 'MO', 0, 1),
(94, 138, 'Nayarit', 'NAY', 'NY', 0, 1),
(95, 138, 'Nuevo Le', 'NUL', 'NL', 0, 1),
(96, 138, 'Oaxaca', 'OAX', 'OA', 0, 1),
(97, 138, 'Puebla', 'PUE', 'PU', 0, 1),
(98, 138, 'Quer', 'QRO', 'QU', 0, 1),
(99, 138, 'Quintana Roo', 'QUR', 'QR', 0, 1),
(100, 138, 'San Luis Potos', 'SLP', 'SP', 0, 1),
(101, 138, 'Sinaloa', 'SIN', 'SI', 0, 1),
(102, 138, 'Sonora', 'SON', 'SO', 0, 1),
(103, 138, 'Tabasco', 'TAB', 'TA', 0, 1),
(104, 138, 'Tamaulipas', 'TAM', 'TM', 0, 1),
(105, 138, 'Tlaxcala', 'TLX', 'TX', 0, 1),
(106, 138, 'Veracruz', 'VER', 'VZ', 0, 1),
(107, 138, 'Yucat', 'YUC', 'YU', 0, 1),
(108, 138, 'Zacatecas', 'ZAC', 'ZA', 0, 1),
(109, 30, 'Acre', 'ACR', 'AC', 0, 1),
(110, 30, 'Alagoas', 'ALG', 'AL', 0, 1),
(111, 30, 'Amapá', 'AMP', 'AP', 0, 1),
(112, 30, 'Amazonas', 'AMZ', 'AM', 0, 1),
(113, 30, 'Bahía', 'BAH', 'BA', 0, 1),
(114, 30, 'Ceará', 'CEA', 'CE', 0, 1),
(115, 30, 'Distrito Federal', 'DFB', 'DF', 0, 1),
(116, 30, 'Espírito Santo', 'ESS', 'ES', 0, 1),
(117, 30, 'Goiás', 'GOI', 'GO', 0, 1),
(118, 30, 'Maranhão', 'MAR', 'MA', 0, 1),
(119, 30, 'Mato Grosso', 'MAT', 'MT', 0, 1),
(120, 30, 'Mato Grosso do Sul', 'MGS', 'MS', 0, 1),
(121, 30, 'Minas Gerais', 'MIG', 'MG', 0, 1),
(122, 30, 'Paraná', 'PAR', 'PR', 0, 1),
(123, 30, 'Paraíba', 'PRB', 'PB', 0, 1),
(124, 30, 'Pará', 'PAB', 'PA', 0, 1),
(125, 30, 'Pernambuco', 'PER', 'PE', 0, 1),
(126, 30, 'Piauí', 'PIA', 'PI', 0, 1),
(127, 30, 'Rio Grande do Norte', 'RGN', 'RN', 0, 1),
(128, 30, 'Rio Grande do Sul', 'RGS', 'RS', 0, 1),
(129, 30, 'Rio de Janeiro', 'RDJ', 'RJ', 0, 1),
(130, 30, 'Rondônia', 'RON', 'RO', 0, 1),
(131, 30, 'Roraima', 'ROR', 'RR', 0, 1),
(132, 30, 'Santa Catarina', 'SAC', 'SC', 0, 1),
(133, 30, 'Sergipe', 'SER', 'SE', 0, 1),
(134, 30, 'São Paulo', 'SAP', 'SP', 0, 1),
(135, 30, 'Tocantins', 'TOC', 'TO', 0, 1),
(136, 44, 'Anhui', 'ANH', '34', 0, 1),
(137, 44, 'Beijing', 'BEI', '11', 0, 1),
(138, 44, 'Chongqing', 'CHO', '50', 0, 1),
(139, 44, 'Fujian', 'FUJ', '35', 0, 1),
(140, 44, 'Gansu', 'GAN', '62', 0, 1),
(141, 44, 'Guangdong', 'GUA', '44', 0, 1),
(142, 44, 'Guangxi Zhuang', 'GUZ', '45', 0, 1),
(143, 44, 'Guizhou', 'GUI', '52', 0, 1),
(144, 44, 'Hainan', 'HAI', '46', 0, 1),
(145, 44, 'Hebei', 'HEB', '13', 0, 1),
(146, 44, 'Heilongjiang', 'HEI', '23', 0, 1),
(147, 44, 'Henan', 'HEN', '41', 0, 1),
(148, 44, 'Hubei', 'HUB', '42', 0, 1),
(149, 44, 'Hunan', 'HUN', '43', 0, 1),
(150, 44, 'Jiangsu', 'JIA', '32', 0, 1),
(151, 44, 'Jiangxi', 'JIX', '36', 0, 1),
(152, 44, 'Jilin', 'JIL', '22', 0, 1),
(153, 44, 'Liaoning', 'LIA', '21', 0, 1),
(154, 44, 'Nei Mongol', 'NML', '15', 0, 1),
(155, 44, 'Ningxia Hui', 'NIH', '64', 0, 1),
(156, 44, 'Qinghai', 'QIN', '63', 0, 1),
(157, 44, 'Shandong', 'SNG', '37', 0, 1),
(158, 44, 'Shanghai', 'SHH', '31', 0, 1),
(159, 44, 'Shaanxi', 'SHX', '61', 0, 1),
(160, 44, 'Sichuan', 'SIC', '51', 0, 1),
(161, 44, 'Tianjin', 'TIA', '12', 0, 1),
(162, 44, 'Xinjiang Uygur', 'XIU', '65', 0, 1),
(163, 44, 'Xizang', 'XIZ', '54', 0, 1),
(164, 44, 'Yunnan', 'YUN', '53', 0, 1),
(165, 44, 'Zhejiang', 'ZHE', '33', 0, 1),
(166, 104, 'Israel', 'ISL', 'IL', 0, 1),
(167, 104, 'Gaza Strip', 'GZS', 'GZ', 0, 1),
(168, 104, 'West Bank', 'WBK', 'WB', 0, 1),
(169, 151, 'St. Maarten', 'STM', 'SM', 0, 1),
(170, 151, 'Bonaire', 'BNR', 'BN', 0, 1),
(171, 151, 'Curacao', 'CUR', 'CR', 0, 1),
(172, 175, 'Alba', 'ABA', 'AB', 0, 1),
(173, 175, 'Arad', 'ARD', 'AR', 0, 1),
(174, 175, 'Arges', 'ARG', 'AG', 0, 1),
(175, 175, 'Bacau', 'BAC', 'BC', 0, 1),
(176, 175, 'Bihor', 'BIH', 'BH', 0, 1),
(177, 175, 'Bistrita-Nasaud', 'BIS', 'BN', 0, 1),
(178, 175, 'Botosani', 'BOT', 'BT', 0, 1),
(179, 175, 'Braila', 'BRL', 'BR', 0, 1),
(180, 175, 'Brasov', 'BRA', 'BV', 0, 1),
(181, 175, 'Bucuresti', 'BUC', 'B', 0, 1),
(182, 175, 'Buzau', 'BUZ', 'BZ', 0, 1),
(183, 175, 'Calarasi', 'CAL', 'CL', 0, 1),
(184, 175, 'Caras Severin', 'CRS', 'CS', 0, 1),
(185, 175, 'Cluj', 'CLJ', 'CJ', 0, 1),
(186, 175, 'Constanta', 'CST', 'CT', 0, 1),
(187, 175, 'Covasna', 'COV', 'CV', 0, 1),
(188, 175, 'Dambovita', 'DAM', 'DB', 0, 1),
(189, 175, 'Dolj', 'DLJ', 'DJ', 0, 1),
(190, 175, 'Galati', 'GAL', 'GL', 0, 1),
(191, 175, 'Giurgiu', 'GIU', 'GR', 0, 1),
(192, 175, 'Gorj', 'GOR', 'GJ', 0, 1),
(193, 175, 'Hargita', 'HRG', 'HR', 0, 1),
(194, 175, 'Hunedoara', 'HUN', 'HD', 0, 1),
(195, 175, 'Ialomita', 'IAL', 'IL', 0, 1),
(196, 175, 'Iasi', 'IAS', 'IS', 0, 1),
(197, 175, 'Ilfov', 'ILF', 'IF', 0, 1),
(198, 175, 'Maramures', 'MAR', 'MM', 0, 1),
(199, 175, 'Mehedinti', 'MEH', 'MH', 0, 1),
(200, 175, 'Mures', 'MUR', 'MS', 0, 1),
(201, 175, 'Neamt', 'NEM', 'NT', 0, 1),
(202, 175, 'Olt', 'OLT', 'OT', 0, 1),
(203, 175, 'Prahova', 'PRA', 'PH', 0, 1),
(204, 175, 'Salaj', 'SAL', 'SJ', 0, 1),
(205, 175, 'Satu Mare', 'SAT', 'SM', 0, 1),
(206, 175, 'Sibiu', 'SIB', 'SB', 0, 1),
(207, 175, 'Suceava', 'SUC', 'SV', 0, 1),
(208, 175, 'Teleorman', 'TEL', 'TR', 0, 1),
(209, 175, 'Timis', 'TIM', 'TM', 0, 1),
(210, 175, 'Tulcea', 'TUL', 'TL', 0, 1),
(211, 175, 'Valcea', 'VAL', 'VL', 0, 1),
(212, 175, 'Vaslui', 'VAS', 'VS', 0, 1),
(213, 175, 'Vrancea', 'VRA', 'VN', 0, 1),
(214, 105, 'Agrigento', 'AGR', 'AG', 0, 1),
(215, 105, 'Alessandria', 'ALE', 'AL', 0, 1),
(216, 105, 'Ancona', 'ANC', 'AN', 0, 1),
(217, 105, 'Aosta', 'AOS', 'AO', 0, 1),
(218, 105, 'Arezzo', 'ARE', 'AR', 0, 1),
(219, 105, 'Ascoli Piceno', 'API', 'AP', 0, 1),
(220, 105, 'Asti', 'AST', 'AT', 0, 1),
(221, 105, 'Avellino', 'AVE', 'AV', 0, 1),
(222, 105, 'Bari', 'BAR', 'BA', 0, 1),
(223, 105, 'Belluno', 'BEL', 'BL', 0, 1),
(224, 105, 'Benevento', 'BEN', 'BN', 0, 1),
(225, 105, 'Bergamo', 'BEG', 'BG', 0, 1),
(226, 105, 'Biella', 'BIE', 'BI', 0, 1),
(227, 105, 'Bologna', 'BOL', 'BO', 0, 1),
(228, 105, 'Bolzano', 'BOZ', 'BZ', 0, 1),
(229, 105, 'Brescia', 'BRE', 'BS', 0, 1),
(230, 105, 'Brindisi', 'BRI', 'BR', 0, 1),
(231, 105, 'Cagliari', 'CAG', 'CA', 0, 1),
(232, 105, 'Caltanissetta', 'CAL', 'CL', 0, 1),
(233, 105, 'Campobasso', 'CBO', 'CB', 0, 1),
(234, 105, 'Carbonia-Iglesias', 'CAR', 'CI', 0, 1),
(235, 105, 'Caserta', 'CAS', 'CE', 0, 1),
(236, 105, 'Catania', 'CAT', 'CT', 0, 1),
(237, 105, 'Catanzaro', 'CTZ', 'CZ', 0, 1),
(238, 105, 'Chieti', 'CHI', 'CH', 0, 1),
(239, 105, 'Como', 'COM', 'CO', 0, 1),
(240, 105, 'Cosenza', 'COS', 'CS', 0, 1),
(241, 105, 'Cremona', 'CRE', 'CR', 0, 1),
(242, 105, 'Crotone', 'CRO', 'KR', 0, 1),
(243, 105, 'Cuneo', 'CUN', 'CN', 0, 1),
(244, 105, 'Enna', 'ENN', 'EN', 0, 1),
(245, 105, 'Ferrara', 'FER', 'FE', 0, 1),
(246, 105, 'Firenze', 'FIR', 'FI', 0, 1),
(247, 105, 'Foggia', 'FOG', 'FG', 0, 1),
(248, 105, 'Forli-Cesena', 'FOC', 'FC', 0, 1),
(249, 105, 'Frosinone', 'FRO', 'FR', 0, 1),
(250, 105, 'Genova', 'GEN', 'GE', 0, 1),
(251, 105, 'Gorizia', 'GOR', 'GO', 0, 1),
(252, 105, 'Grosseto', 'GRO', 'GR', 0, 1),
(253, 105, 'Imperia', 'IMP', 'IM', 0, 1),
(254, 105, 'Isernia', 'ISE', 'IS', 0, 1),
(255, 105, 'L''Aquila', 'AQU', 'AQ', 0, 1),
(256, 105, 'La Spezia', 'LAS', 'SP', 0, 1),
(257, 105, 'Latina', 'LAT', 'LT', 0, 1),
(258, 105, 'Lecce', 'LEC', 'LE', 0, 1),
(259, 105, 'Lecco', 'LCC', 'LC', 0, 1),
(260, 105, 'Livorno', 'LIV', 'LI', 0, 1),
(261, 105, 'Lodi', 'LOD', 'LO', 0, 1),
(262, 105, 'Lucca', 'LUC', 'LU', 0, 1),
(263, 105, 'Macerata', 'MAC', 'MC', 0, 1),
(264, 105, 'Mantova', 'MAN', 'MN', 0, 1),
(265, 105, 'Massa-Carrara', 'MAS', 'MS', 0, 1),
(266, 105, 'Matera', 'MAA', 'MT', 0, 1),
(267, 105, 'Medio Campidano', 'MED', 'VS', 0, 1),
(268, 105, 'Messina', 'MES', 'ME', 0, 1),
(269, 105, 'Milano', 'MIL', 'MI', 0, 1),
(270, 105, 'Modena', 'MOD', 'MO', 0, 1),
(271, 105, 'Napoli', 'NAP', 'NA', 0, 1),
(272, 105, 'Novara', 'NOV', 'NO', 0, 1),
(273, 105, 'Nuoro', 'NUR', 'NU', 0, 1),
(274, 105, 'Ogliastra', 'OGL', 'OG', 0, 1),
(275, 105, 'Olbia-Tempio', 'OLB', 'OT', 0, 1),
(276, 105, 'Oristano', 'ORI', 'OR', 0, 1),
(277, 105, 'Padova', 'PDA', 'PD', 0, 1),
(278, 105, 'Palermo', 'PAL', 'PA', 0, 1),
(279, 105, 'Parma', 'PAA', 'PR', 0, 1),
(280, 105, 'Pavia', 'PAV', 'PV', 0, 1),
(281, 105, 'Perugia', 'PER', 'PG', 0, 1),
(282, 105, 'Pesaro e Urbino', 'PES', 'PU', 0, 1),
(283, 105, 'Pescara', 'PSC', 'PE', 0, 1),
(284, 105, 'Piacenza', 'PIA', 'PC', 0, 1),
(285, 105, 'Pisa', 'PIS', 'PI', 0, 1),
(286, 105, 'Pistoia', 'PIT', 'PT', 0, 1),
(287, 105, 'Pordenone', 'POR', 'PN', 0, 1),
(288, 105, 'Potenza', 'PTZ', 'PZ', 0, 1),
(289, 105, 'Prato', 'PRA', 'PO', 0, 1),
(290, 105, 'Ragusa', 'RAG', 'RG', 0, 1),
(291, 105, 'Ravenna', 'RAV', 'RA', 0, 1),
(292, 105, 'Reggio Calabria', 'REG', 'RC', 0, 1),
(293, 105, 'Reggio Emilia', 'REE', 'RE', 0, 1),
(294, 105, 'Rieti', 'RIE', 'RI', 0, 1),
(295, 105, 'Rimini', 'RIM', 'RN', 0, 1),
(296, 105, 'Roma', 'ROM', 'RM', 0, 1),
(297, 105, 'Rovigo', 'ROV', 'RO', 0, 1),
(298, 105, 'Salerno', 'SAL', 'SA', 0, 1),
(299, 105, 'Sassari', 'SAS', 'SS', 0, 1),
(300, 105, 'Savona', 'SAV', 'SV', 0, 1),
(301, 105, 'Siena', 'SIE', 'SI', 0, 1),
(302, 105, 'Siracusa', 'SIR', 'SR', 0, 1),
(303, 105, 'Sondrio', 'SOO', 'SO', 0, 1),
(304, 105, 'Taranto', 'TAR', 'TA', 0, 1),
(305, 105, 'Teramo', 'TER', 'TE', 0, 1),
(306, 105, 'Terni', 'TRN', 'TR', 0, 1),
(307, 105, 'Torino', 'TOR', 'TO', 0, 1),
(308, 105, 'Trapani', 'TRA', 'TP', 0, 1),
(309, 105, 'Trento', 'TRE', 'TN', 0, 1),
(310, 105, 'Treviso', 'TRV', 'TV', 0, 1),
(311, 105, 'Trieste', 'TRI', 'TS', 0, 1),
(312, 105, 'Udine', 'UDI', 'UD', 0, 1),
(313, 105, 'Varese', 'VAR', 'VA', 0, 1),
(314, 105, 'Venezia', 'VEN', 'VE', 0, 1),
(315, 105, 'Verbano Cusio Ossola', 'VCO', 'VB', 0, 1),
(316, 105, 'Vercelli', 'VER', 'VC', 0, 1),
(317, 105, 'Verona', 'VRN', 'VR', 0, 1),
(318, 105, 'Vibo Valenzia', 'VIV', 'VV', 0, 1),
(319, 105, 'Vicenza', 'VII', 'VI', 0, 1),
(320, 105, 'Viterbo', 'VIT', 'VT', 0, 1),
(321, 195, 'A Coru', 'ACO', '15', 0, 1),
(322, 195, 'Alava', 'ALA', '01', 0, 1),
(323, 195, 'Albacete', 'ALB', '02', 0, 1),
(324, 195, 'Alicante', 'ALI', '03', 0, 1),
(325, 195, 'Almeria', 'ALM', '04', 0, 1),
(326, 195, 'Asturias', 'AST', '33', 0, 1),
(327, 195, 'Avila', 'AVI', '05', 0, 1),
(328, 195, 'Badajoz', 'BAD', '06', 0, 1),
(329, 195, 'Baleares', 'BAL', '07', 0, 1),
(330, 195, 'Barcelona', 'BAR', '08', 0, 1),
(331, 195, 'Burgos', 'BUR', '09', 0, 1),
(332, 195, 'Caceres', 'CAC', '10', 0, 1),
(333, 195, 'Cadiz', 'CAD', '11', 0, 1),
(334, 195, 'Cantabria', 'CAN', '39', 0, 1),
(335, 195, 'Castellon', 'CAS', '12', 0, 1),
(336, 195, 'Ceuta', 'CEU', '51', 0, 1),
(337, 195, 'Ciudad Real', 'CIU', '13', 0, 1),
(338, 195, 'Cordoba', 'COR', '14', 0, 1),
(339, 195, 'Cuenca', 'CUE', '16', 0, 1),
(340, 195, 'Girona', 'GIR', '17', 0, 1),
(341, 195, 'Granada', 'GRA', '18', 0, 1),
(342, 195, 'Guadalajara', 'GUA', '19', 0, 1),
(343, 195, 'Guipuzcoa', 'GUI', '20', 0, 1),
(344, 195, 'Huelva', 'HUL', '21', 0, 1),
(345, 195, 'Huesca', 'HUS', '22', 0, 1),
(346, 195, 'Jaen', 'JAE', '23', 0, 1),
(347, 195, 'La Rioja', 'LRI', '26', 0, 1),
(348, 195, 'Las Palmas', 'LPA', '35', 0, 1),
(349, 195, 'Leon', 'LEO', '24', 0, 1),
(350, 195, 'Lleida', 'LLE', '25', 0, 1),
(351, 195, 'Lugo', 'LUG', '27', 0, 1),
(352, 195, 'Madrid', 'MAD', '28', 0, 1),
(353, 195, 'Malaga', 'MAL', '29', 0, 1),
(354, 195, 'Melilla', 'MEL', '52', 0, 1),
(355, 195, 'Murcia', 'MUR', '30', 0, 1),
(356, 195, 'Navarra', 'NAV', '31', 0, 1),
(357, 195, 'Ourense', 'OUR', '32', 0, 1),
(358, 195, 'Palencia', 'PAL', '34', 0, 1),
(359, 195, 'Pontevedra', 'PON', '36', 0, 1),
(360, 195, 'Salamanca', 'SAL', '37', 0, 1),
(361, 195, 'Santa Cruz de Tenerife', 'SCT', '38', 0, 1),
(362, 195, 'Segovia', 'SEG', '40', 0, 1),
(363, 195, 'Sevilla', 'SEV', '41', 0, 1),
(364, 195, 'Soria', 'SOR', '42', 0, 1),
(365, 195, 'Tarragona', 'TAR', '43', 0, 1),
(366, 195, 'Teruel', 'TER', '44', 0, 1),
(367, 195, 'Toledo', 'TOL', '45', 0, 1),
(368, 195, 'Valencia', 'VAL', '46', 0, 1),
(369, 195, 'Valladolid', 'VLL', '47', 0, 1),
(370, 195, 'Vizcaya', 'VIZ', '48', 0, 1),
(371, 195, 'Zamora', 'ZAM', '49', 0, 1),
(372, 195, 'Zaragoza', 'ZAR', '50', 0, 1),
(373, 10, 'Buenos Aires', 'BAS', 'BA', 0, 1),
(374, 10, 'Ciudad Autonoma De Buenos Aires', 'CBA', 'CB', 0, 1),
(375, 10, 'Catamarca', 'CAT', 'CA', 0, 1),
(376, 10, 'Chaco', 'CHO', 'CH', 0, 1),
(377, 10, 'Chubut', 'CTT', 'CT', 0, 1),
(378, 10, 'Cordoba', 'COD', 'CO', 0, 1),
(379, 10, 'Corrientes', 'CRI', 'CR', 0, 1),
(380, 10, 'Entre Rios', 'ERS', 'ER', 0, 1),
(381, 10, 'Formosa', 'FRM', 'FR', 0, 1),
(382, 10, 'Jujuy', 'JUJ', 'JU', 0, 1),
(383, 10, 'La Pampa', 'LPM', 'LP', 0, 1),
(384, 10, 'La Rioja', 'LRI', 'LR', 0, 1),
(385, 10, 'Mendoza', 'MED', 'ME', 0, 1),
(386, 10, 'Misiones', 'MIS', 'MI', 0, 1),
(387, 10, 'Neuquen', 'NQU', 'NQ', 0, 1),
(388, 10, 'Rio Negro', 'RNG', 'RN', 0, 1),
(389, 10, 'Salta', 'SAL', 'SA', 0, 1),
(390, 10, 'San Juan', 'SJN', 'SJ', 0, 1),
(391, 10, 'San Luis', 'SLU', 'SL', 0, 1),
(392, 10, 'Santa Cruz', 'SCZ', 'SC', 0, 1),
(393, 10, 'Santa Fe', 'SFE', 'SF', 0, 1),
(394, 10, 'Santiago Del Estero', 'SEN', 'SE', 0, 1),
(395, 10, 'Tierra Del Fuego', 'TFE', 'TF', 0, 1),
(396, 10, 'Tucuman', 'TUC', 'TU', 0, 1),
(397, 11, 'Aragatsotn', 'ARG', 'AG', 0, 1),
(398, 11, 'Ararat', 'ARR', 'AR', 0, 1),
(399, 11, 'Armavir', 'ARM', 'AV', 0, 1),
(400, 11, 'Gegharkunik', 'GEG', 'GR', 0, 1),
(401, 11, 'Kotayk', 'KOT', 'KT', 0, 1),
(402, 11, 'Lori', 'LOR', 'LO', 0, 1),
(403, 11, 'Shirak', 'SHI', 'SH', 0, 1),
(404, 11, 'Syunik', 'SYU', 'SU', 0, 1),
(405, 11, 'Tavush', 'TAV', 'TV', 0, 1),
(406, 11, 'Vayots-Dzor', 'VAD', 'VD', 0, 1),
(407, 11, 'Yerevan', 'YER', 'ER', 0, 1),
(408, 99, 'Andaman & Nicobar Islands', 'ANI', 'AI', 0, 1),
(409, 99, 'Andhra Pradesh', 'AND', 'AN', 0, 1),
(410, 99, 'Arunachal Pradesh', 'ARU', 'AR', 0, 1),
(411, 99, 'Assam', 'ASS', 'AS', 0, 1),
(412, 99, 'Bihar', 'BIH', 'BI', 0, 1),
(413, 99, 'Chandigarh', 'CHA', 'CA', 0, 1),
(414, 99, 'Chhatisgarh', 'CHH', 'CH', 0, 1),
(415, 99, 'Dadra & Nagar Haveli', 'DAD', 'DD', 0, 1),
(416, 99, 'Daman & Diu', 'DAM', 'DA', 0, 1),
(417, 99, 'Delhi', 'DEL', 'DE', 0, 1),
(418, 99, 'Goa', 'GOA', 'GO', 0, 1),
(419, 99, 'Gujarat', 'GUJ', 'GU', 0, 1),
(420, 99, 'Haryana', 'HAR', 'HA', 0, 1),
(421, 99, 'Himachal Pradesh', 'HIM', 'HI', 0, 1),
(422, 99, 'Jammu & Kashmir', 'JAM', 'JA', 0, 1),
(423, 99, 'Jharkhand', 'JHA', 'JH', 0, 1),
(424, 99, 'Karnataka', 'KAR', 'KA', 0, 1),
(425, 99, 'Kerala', 'KER', 'KE', 0, 1),
(426, 99, 'Lakshadweep', 'LAK', 'LA', 0, 1),
(427, 99, 'Madhya Pradesh', 'MAD', 'MD', 0, 1),
(428, 99, 'Maharashtra', 'MAH', 'MH', 0, 1),
(429, 99, 'Manipur', 'MAN', 'MN', 0, 1),
(430, 99, 'Meghalaya', 'MEG', 'ME', 0, 1),
(431, 99, 'Mizoram', 'MIZ', 'MI', 0, 1),
(432, 99, 'Nagaland', 'NAG', 'NA', 0, 1),
(433, 99, 'Orissa', 'ORI', 'OR', 0, 1),
(434, 99, 'Pondicherry', 'PON', 'PO', 0, 1),
(435, 99, 'Punjab', 'PUN', 'PU', 0, 1),
(436, 99, 'Rajasthan', 'RAJ', 'RA', 0, 1),
(437, 99, 'Sikkim', 'SIK', 'SI', 0, 1),
(438, 99, 'Tamil Nadu', 'TAM', 'TA', 0, 1),
(439, 99, 'Tripura', 'TRI', 'TR', 0, 1),
(440, 99, 'Uttaranchal', 'UAR', 'UA', 0, 1),
(441, 99, 'Uttar Pradesh', 'UTT', 'UT', 0, 1),
(442, 99, 'West Bengal', 'WES', 'WE', 0, 1),
(443, 101, 'Ahmadi va Kohkiluyeh', 'BOK', 'BO', 0, 1),
(444, 101, 'Ardabil', 'ARD', 'AR', 0, 1),
(445, 101, 'Azarbayjan-e Gharbi', 'AZG', 'AG', 0, 1),
(446, 101, 'Azarbayjan-e Sharqi', 'AZS', 'AS', 0, 1),
(447, 101, 'Bushehr', 'BUS', 'BU', 0, 1),
(448, 101, 'Chaharmahal va Bakhtiari', 'CMB', 'CM', 0, 1),
(449, 101, 'Esfahan', 'ESF', 'ES', 0, 1),
(450, 101, 'Fars', 'FAR', 'FA', 0, 1),
(451, 101, 'Gilan', 'GIL', 'GI', 0, 1),
(452, 101, 'Gorgan', 'GOR', 'GO', 0, 1),
(453, 101, 'Hamadan', 'HAM', 'HA', 0, 1),
(454, 101, 'Hormozgan', 'HOR', 'HO', 0, 1),
(455, 101, 'Ilam', 'ILA', 'IL', 0, 1),
(456, 101, 'Kerman', 'KER', 'KE', 0, 1),
(457, 101, 'Kermanshah', 'BAK', 'BA', 0, 1),
(458, 101, 'Khorasan-e Junoubi', 'KHJ', 'KJ', 0, 1),
(459, 101, 'Khorasan-e Razavi', 'KHR', 'KR', 0, 1),
(460, 101, 'Khorasan-e Shomali', 'KHS', 'KS', 0, 1),
(461, 101, 'Khuzestan', 'KHU', 'KH', 0, 1),
(462, 101, 'Kordestan', 'KOR', 'KO', 0, 1),
(463, 101, 'Lorestan', 'LOR', 'LO', 0, 1),
(464, 101, 'Markazi', 'MAR', 'MR', 0, 1),
(465, 101, 'Mazandaran', 'MAZ', 'MZ', 0, 1),
(466, 101, 'Qazvin', 'QAS', 'QA', 0, 1),
(467, 101, 'Qom', 'QOM', 'QO', 0, 1),
(468, 101, 'Semnan', 'SEM', 'SE', 0, 1),
(469, 101, 'Sistan va Baluchestan', 'SBA', 'SB', 0, 1),
(470, 101, 'Tehran', 'TEH', 'TE', 0, 1),
(471, 101, 'Yazd', 'YAZ', 'YA', 0, 1),
(472, 101, 'Zanjan', 'ZAN', 'ZA', 0, 1),
(503, 84, 'ΑΡΓΟΛΙΔΑΣ', 'ΑΡΓ', 'ΑΡ', 0, 1),
(504, 84, 'ΑΡΚΑΔΙΑΣ', 'ΑΡΚ', 'ΑΚ', 0, 1),
(505, 84, 'ΑΡΤΑΣ', 'ΑΡΤ', 'ΑΑ', 0, 1),
(506, 84, 'ΑΤΤΙΚΗΣ', 'ΑΤΤ', 'ΑΤ', 0, 1),
(507, 84, 'ΑΧΑΪΑΣ', 'ΑΧΑ', 'ΑΧ', 0, 1),
(508, 84, 'ΒΟΙΩΤΙΑΣ', 'ΒΟΙ', 'ΒΟ', 0, 1),
(509, 84, 'ΓΡΕΒΕΝΩΝ', 'ΓΡΕ', 'ΓΡ', 0, 1),
(510, 84, 'ΔΡΑΜΑΣ', 'ΔΡΑ', 'ΔΡ', 0, 1),
(511, 84, 'ΔΩΔΕΚΑΝΗΣΟΥ', 'ΔΩΔ', 'ΔΩ', 0, 1),
(512, 84, 'ΕΒΡΟΥ', 'ΕΒΡ', 'ΕΒ', 0, 1),
(513, 84, 'ΕΥΒΟΙΑΣ', 'ΕΥΒ', 'ΕΥ', 0, 1),
(514, 84, 'ΕΥΡΥΤΑΝΙΑΣ', 'ΕΥΡ', 'ΕΡ', 0, 1),
(515, 84, 'ΖΑΚΥΝΘΟΥ', 'ΖΑΚ', 'ΖΑ', 0, 1),
(516, 84, 'ΗΛΕΙΑΣ', 'ΗΛΕ', 'ΗΛ', 0, 1),
(517, 84, 'ΗΜΑΘΙΑΣ', 'ΗΜΑ', 'ΗΜ', 0, 1),
(518, 84, 'ΗΡΑΚΛΕΙΟΥ', 'ΗΡΑ', 'ΗΡ', 0, 1),
(519, 84, 'ΘΕΣΠΡΩΤΙΑΣ', 'ΘΕΠ', 'ΘΠ', 0, 1),
(520, 84, 'ΘΕΣΣΑΛΟΝΙΚΗΣ', 'ΘΕΣ', 'ΘΕ', 0, 1),
(521, 84, 'ΙΩΑΝΝΙΝΩΝ', 'ΙΩΑ', 'ΙΩ', 0, 1),
(522, 84, 'ΚΑΒΑΛΑΣ', 'ΚΑΒ', 'ΚΒ', 0, 1),
(523, 84, 'ΚΑΡΔΙΤΣΑΣ', 'ΚΑΡ', 'ΚΡ', 0, 1),
(524, 84, 'ΚΑΣΤΟΡΙΑΣ', 'ΚΑΣ', 'ΚΣ', 0, 1),
(525, 84, 'ΚΕΡΚΥΡΑΣ', 'ΚΕΡ', 'ΚΕ', 0, 1),
(526, 84, 'ΚΕΦΑΛΛΗΝΙΑΣ', 'ΚΕΦ', 'ΚΦ', 0, 1),
(527, 84, 'ΚΙΛΚΙΣ', 'ΚΙΛ', 'ΚΙ', 0, 1),
(528, 84, 'ΚΟΖΑΝΗΣ', 'ΚΟΖ', 'ΚZ', 0, 1),
(529, 84, 'ΚΟΡΙΝΘΙΑΣ', 'ΚΟΡ', 'ΚΟ', 0, 1),
(530, 84, 'ΚΥΚΛΑΔΩΝ', 'ΚΥΚ', 'ΚΥ', 0, 1),
(531, 84, 'ΛΑΚΩΝΙΑΣ', 'ΛΑΚ', 'ΛK', 0, 1),
(532, 84, 'ΛΑΡΙΣΑΣ', 'ΛΑΡ', 'ΛΡ', 0, 1),
(533, 84, 'ΛΑΣΙΘΙΟΥ', 'ΛΑΣ', 'ΛΑ', 0, 1),
(534, 84, 'ΛΕΣΒΟΥ', 'ΛΕΣ', 'ΛΣ', 0, 1),
(535, 84, 'ΛΕΥΚΑΔΑΣ', 'ΛΕΥ', 'ΛΕ', 0, 1),
(536, 84, 'ΜΑΓΝΗΣΙΑΣ', 'ΜΑΓ', 'ΜΑ', 0, 1),
(537, 84, 'ΜΕΣΣΗΝΙΑΣ', 'ΜΕΣ', 'ΜΕ', 0, 1),
(538, 84, 'ΞΑΝΘΗΣ', 'ΞΑΝ', 'ΞΑ', 0, 1),
(539, 84, 'ΠΕΛΛΗΣ', 'ΠΕΛ', 'ΠΕ', 0, 1),
(540, 84, 'ΠΙΕΡΙΑΣ', 'ΠΙΕ', 'ΠΙ', 0, 1),
(541, 84, 'ΠΡΕΒΕΖΑΣ', 'ΠΡΕ', 'ΠΡ', 0, 1),
(542, 84, 'ΡΕΘΥΜΝΗΣ', 'ΡΕΘ', 'ΡΕ', 0, 1),
(543, 84, 'ΡΟΔΟΠΗΣ', 'ΡΟΔ', 'ΡΟ', 0, 1),
(544, 84, 'ΣΑΜΟΥ', 'ΣΑΜ', 'ΣΑ', 0, 1),
(545, 84, 'ΣΕΡΡΩΝ', 'ΣΕΡ', 'ΣΕ', 0, 1),
(546, 84, 'ΤΡΙΚΑΛΩΝ', 'ΤΡΙ', 'ΤΡ', 0, 1),
(547, 84, 'ΦΘΙΩΤΙΔΑΣ', 'ΦΘΙ', 'ΦΘ', 0, 1),
(548, 84, 'ΦΛΩΡΙΝΑΣ', 'ΦΛΩ', 'ΦΛ', 0, 1),
(549, 84, 'ΦΩΚΙΔΑΣ', 'ΦΩΚ', 'ΦΩ', 0, 1),
(550, 84, 'ΧΑΛΚΙΔΙΚΗΣ', 'ΧΑΛ', 'ΧΑ', 0, 1),
(551, 84, 'ΧΑΝΙΩΝ', 'ΧΑΝ', 'ΧΝ', 0, 1),
(552, 84, 'ΧΙΟΥ', 'ΧΙΟ', 'ΧΙ', 0, 1),
(553, 84, 'ΑΙΤΩΛΟΑΚΑΡΝΑΝΙΑΣ', 'ΑΙΤ', 'ΑΙ', 0, 1),
(554, 81, 'Freie und Hansestadt Hamburg', 'HAM', 'HH', 0, 1),
(555, 81, 'Niedersachsen', 'NIS', 'NI', 0, 1),
(556, 81, 'Freie Hansestadt Bremen', 'HBR', 'HB', 0, 1),
(557, 81, 'Nordrhein-Westfalen', 'NRW', 'NW', 0, 1),
(558, 81, 'Hessen', 'HES', 'HE', 0, 1),
(559, 81, 'Rheinland-Pfalz', 'RLP', 'RP', 0, 1),
(560, 81, 'Baden-Württemberg', 'BWÜ', 'BW', 0, 1),
(561, 81, 'Freistaat Bayern', 'BAV', 'BY', 0, 1),
(562, 81, 'Saarland', 'SLA', 'SL', 0, 1),
(563, 81, 'Berlin', 'BER', 'BE', 0, 1),
(564, 81, 'Brandenburg', 'BRB', 'BB', 0, 1),
(565, 81, 'Mecklenburg-Vorpommern', 'MVO', 'MV', 0, 1),
(566, 81, 'Freistaat Sachsen', 'SAC', 'SN', 0, 1),
(567, 81, 'Sachsen-Anhalt', 'SAA', 'ST', 0, 1),
(568, 81, 'Freistaat Thüringen', 'THÜ', 'TH', 0, 1),
(569, 81, 'Schleswig-Holstein', 'SHO', 'SH', 0, 1),
(570, 176, 'Адыгея Республика', 'AD', '01', 1, 1),
(571, 176, 'Алтай Республика', 'AL', '04', 2, 1),
(572, 176, 'Алтайский край', 'ALT', '22', 3, 1),
(573, 176, 'Амурская область', 'AMU', '28', 4, 1),
(574, 176, 'Архангельская область', 'ARK', '29', 5, 1),
(575, 176, 'Астраханская область', 'AST', '30', 6, 1),
(576, 176, 'Башкортостан Республика', 'BA', '02', 7, 1),
(577, 176, 'Белгородская область', 'BEL', '31', 8, 1),
(578, 176, 'Брянская область', 'BRY', '32', 9, 1),
(579, 176, 'Бурятия Республика', 'BU', '03', 10, 1),
(580, 176, 'Владимирская область', 'VLA', '33', 11, 1),
(581, 176, 'Волгоградская область', 'VGG', '34', 12, 1),
(582, 176, 'Вологодская область', 'VLG', '35', 13, 1),
(583, 176, 'Воронежская область', 'VOR', '36', 14, 1),
(584, 176, 'Дагестан Республика', 'DA', '05', 15, 1),
(585, 176, 'Еврейская автономная область', 'YEV', '79', 16, 1),
(586, 176, 'Забайкальский край', 'ZAB', '75', 17, 1),
(587, 176, 'Ивановская область', 'IVA', '37', 18, 1),
(588, 176, 'Ингушетия Республика', 'IN', '06', 19, 1),
(589, 176, 'Иркутская область', 'IRK', '38', 20, 1),
(590, 176, 'Кабардино-Балкарская Республика', 'KB', '07', 21, 1),
(591, 176, 'Калининградская область', 'KGD', '39', 22, 1),
(592, 176, 'Калмыкия Республика', 'KL', '08', 23, 1),
(593, 176, 'Калужская область', 'KLU', '40', 24, 1),
(594, 176, 'Камчатский край', 'KAM', '41', 25, 1),
(595, 176, 'Карачаево-Черкесская Республика', 'KC', '09', 26, 1),
(596, 176, 'Карелия Республика', 'KR', '10', 27, 1),
(597, 176, 'Кемеровская область', 'KEM', '42', 28, 1),
(598, 176, 'Кировская область', 'KIR', '43', 29, 1),
(599, 176, 'Коми Республика', 'KO', '11', 30, 1),
(600, 176, 'Костромская область', 'KOS', '44', 31, 1),
(601, 176, 'Краснодарский край', 'KDA', '23', 32, 1),
(602, 176, 'Красноярский край', 'KIA', '24', 33, 1),
(603, 176, 'Курганская область', 'KGN', '45', 34, 1),
(604, 176, 'Курская область', 'KRS', '46', 35, 1),
(605, 176, 'Ленинградская область', 'LEN', '47', 36, 1),
(606, 176, 'Липецкая область', 'LIP', '48', 37, 1),
(607, 176, 'Магаданская область', 'MAG', '49', 38, 1),
(608, 176, 'Марий Эл Республика', 'ME', '12', 39, 1),
(609, 176, 'Мордовия Республика', 'MO', '13', 40, 1),
(610, 176, 'Москва', 'MOW', '77', 41, 1),
(611, 176, 'Московская область', 'MOS', '50', 42, 1),
(612, 176, 'Мурманская область', 'MUR', '51', 43, 1),
(613, 176, 'Ненецкий автономный округ', 'NEN', '83', 44, 1),
(614, 176, 'Нижегородская область', 'NIZ', '52', 45, 1),
(615, 176, 'Новгородская область', 'NGR', '53', 46, 1),
(616, 176, 'Новосибирская область', 'NVS', '54', 47, 1),
(617, 176, 'Омская область', 'OMS', '55', 48, 1),
(618, 176, 'Оренбургская область', 'ORE', '56', 49, 1),
(619, 176, 'Орловская область', 'ORL', '57', 50, 1),
(620, 176, 'Пензенская область', 'PNZ', '58', 51, 1),
(621, 176, 'Пермский край', 'PER', '59', 52, 1),
(622, 176, 'Приморский край', 'PRI', '25', 53, 1),
(623, 176, 'Псковская область', 'PSK', '60', 54, 1),
(624, 176, 'Ростовская область', 'ROS', '61', 55, 1),
(625, 176, 'Рязанская область', 'RYA', '62', 56, 1),
(626, 176, 'Самарская область', 'SAM', '63', 57, 1),
(627, 176, 'Санкт-Петербург', 'SPE', '78', 58, 1),
(628, 176, 'Саратовская область', 'SAR', '64', 59, 1),
(629, 176, 'Саха (Якутия) Республика', 'SA', '14', 60, 1),
(630, 176, 'Сахалинская область', 'SAK', '65', 61, 1),
(631, 176, 'Свердловская область', 'SVE', '66', 62, 1),
(632, 176, 'Северная Осетия-Алания Республика', 'SE', '15', 63, 1),
(633, 176, 'Смоленская область', 'SMO', '67', 64, 1),
(634, 176, 'Ставропольский край', 'STA', '26', 65, 1),
(635, 176, 'Тамбовская область', 'TAM', '68', 66, 1),
(636, 176, 'Татарстан Республика', 'TA', '16', 67, 1),
(637, 176, 'Тверская область', 'TVE', '69', 68, 1),
(638, 176, 'Томская область', 'TOM', '70', 69, 1),
(639, 176, 'Тульская область', 'TUL', '71', 70, 1),
(640, 176, 'Тыва Республика', 'TY', '17', 71, 1),
(641, 176, 'Тюменская область', 'TYU', '72', 72, 1),
(642, 176, 'Удмуртская Республика', 'UD', '18', 73, 1),
(643, 176, 'Ульяновская область', 'ULY', '73', 74, 1),
(644, 176, 'Хакасия Республика', 'KK', '19', 75, 1),
(645, 176, 'Челябинская область', 'CHE', '74', 76, 1),
(646, 176, 'Чеченская Республика', 'CE', '20', 77, 1),
(647, 176, 'Чувашская Республика', 'CU', '21', 78, 1),
(648, 176, 'Чукотский автономный округ', 'CHU', '87', 79, 1),
(649, 176, 'Хабаровский край', 'KHA', '27', 80, 1),
(650, 176, 'Ханты-Мансийский автономный округ', 'KHM', '86', 81, 1),
(651, 176, 'Ямало-Ненецкий автономный округ', 'YAN', '89', 82, 1),
(652, 176, 'Ярославская область', 'YAR', '76', 83, 1),
(653, 18, 'Chittagong Division', 'DHK', 'DH', 1, 1),
(654, 18, 'Dhaka Division', NULL, NULL, NULL, NULL),
(655, 18, 'Barisal Division', NULL, NULL, NULL, NULL),
(656, 18, 'Khulna Division', NULL, NULL, NULL, NULL),
(657, 18, 'Rajshahi Division', NULL, NULL, NULL, NULL),
(658, 18, 'Rangpur Division', NULL, NULL, NULL, NULL),
(659, 18, 'Sylhet Division', NULL, NULL, NULL, NULL);

-- --------------------------------------------------------

--
-- Table structure for table `os_subscriber`
--

DROP TABLE IF EXISTS `os_subscriber`;
CREATE TABLE IF NOT EXISTS `os_subscriber` (
  `id` int(11) NOT NULL AUTO_INCREMENT COMMENT 'ID',
  `groups` varchar(250) DEFAULT NULL COMMENT 'Groups',
  `full_name` varchar(150) DEFAULT NULL COMMENT 'Name',
  `email` varchar(200) NOT NULL COMMENT 'Email',
  `user_id` int(11) DEFAULT NULL COMMENT 'User',
  `created_on` timestamp NULL DEFAULT CURRENT_TIMESTAMP ON UPDATE CURRENT_TIMESTAMP COMMENT 'Created On',
  `confirmed` tinyint(1) DEFAULT '1' COMMENT 'Confirmed',
  `status` tinyint(1) DEFAULT '1' COMMENT 'Status',
  PRIMARY KEY (`id`),
  UNIQUE KEY `email` (`email`),
  KEY `userid` (`user_id`)
) ENGINE=InnoDB DEFAULT CHARSET=utf8 AUTO_INCREMENT=1 ;

-- --------------------------------------------------------

--
-- Table structure for table `os_subscriber_group`
--

DROP TABLE IF EXISTS `os_subscriber_group`;
CREATE TABLE IF NOT EXISTS `os_subscriber_group` (
  `id` int(11) NOT NULL AUTO_INCREMENT COMMENT 'ID',
  `parent` int(11) NOT NULL COMMENT 'Parent',
  `title` varchar(150) NOT NULL COMMENT 'Category',
  `details` text COMMENT 'Details',
  `status` tinyint(1) DEFAULT '1' COMMENT 'Status',
  PRIMARY KEY (`id`),
  KEY `cat_idx` (`status`)
) ENGINE=InnoDB DEFAULT CHARSET=utf8 AUTO_INCREMENT=1 ;

-- --------------------------------------------------------

--
-- Table structure for table `os_thana`
--

DROP TABLE IF EXISTS `os_thana`;
CREATE TABLE IF NOT EXISTS `os_thana` (
  `id` int(10) NOT NULL AUTO_INCREMENT COMMENT 'ID',
  `country_id` int(11) NOT NULL DEFAULT '18' COMMENT 'Country',
  `state_id` int(11) NOT NULL COMMENT 'State',
  `city_id` int(11) NOT NULL COMMENT 'City',
  `district_id` int(11) NOT NULL COMMENT 'District',
  `title` varchar(100) COLLATE utf8_unicode_ci NOT NULL COMMENT 'Thana',
  `status` tinyint(1) NOT NULL DEFAULT '1' COMMENT 'Status',
  PRIMARY KEY (`id`),
  KEY `country_id` (`country_id`),
  KEY `state_id` (`state_id`),
  KEY `city_id` (`city_id`),
  KEY `district_id` (`district_id`)
) ENGINE=InnoDB  DEFAULT CHARSET=utf8 COLLATE=utf8_unicode_ci AUTO_INCREMENT=528 ;

--
-- Dumping data for table `os_thana`
--

INSERT INTO `os_thana` (`id`, `country_id`, `state_id`, `city_id`, `district_id`, `title`, `status`) VALUES
(1, 18, 654, 19, 13, 'Adabor Thana', 1),
(2, 18, 654, 19, 13, 'Badda Thana', 1),
(3, 18, 654, 19, 13, 'Bangsal Thana', 1),
(4, 18, 654, 19, 13, 'Bimanbandar Thana', 1),
(5, 18, 654, 19, 13, 'Cantonment Thana', 1),
(6, 18, 654, 19, 13, 'Chak Bazar Thana', 1),
(7, 18, 654, 19, 13, 'Dakshinkhan Thana', 1),
(8, 18, 654, 19, 13, 'Darus Salam Thana', 1),
(9, 18, 654, 19, 13, 'Demra Thana', 1),
(10, 18, 654, 19, 13, ' Dhamrai Upazila', 1),
(11, 18, 654, 19, 13, ' Dhanmondi Thana', 1),
(12, 18, 654, 19, 13, ' Dohar Upazila', 1),
(13, 18, 654, 19, 13, ' Gendaria Thana', 1),
(14, 18, 654, 19, 13, ' Gulshan Thana', 1),
(15, 18, 654, 19, 13, ' Hazaribagh Thana', 1),
(16, 18, 654, 19, 13, ' Jatrabari Thana', 1),
(17, 18, 654, 19, 13, ' Kadamtali Thana', 1),
(18, 18, 654, 19, 13, ' Kafrul Thana', 1),
(19, 18, 654, 19, 13, ' Kalabagan Thana', 1),
(20, 18, 654, 19, 13, ' Kamrangirchar Thana', 1),
(21, 18, 654, 19, 13, ' Keraniganj Upazila', 1),
(22, 18, 654, 19, 13, ' Khilgaon Thana', 1),
(23, 18, 654, 19, 13, ' Khilkhet Thana', 1),
(24, 18, 654, 19, 13, ' Kotwali Thana', 1),
(25, 18, 654, 19, 13, ' Lalbagh Thana', 1),
(26, 18, 654, 19, 13, ' Mirpur Thana', 1),
(27, 18, 654, 19, 13, ' Mohammadpur Thana', 1),
(28, 18, 654, 19, 13, ' Motijheel Thana', 1),
(29, 18, 654, 19, 13, ' Nawabganj Upazila', 1),
(30, 18, 654, 19, 13, ' Newmarket Thana', 1),
(31, 18, 654, 19, 13, ' Pallabi Thana', 1),
(32, 18, 654, 19, 13, ' Paltan Thana', 1),
(33, 18, 654, 19, 13, ' Ramna Thana', 1),
(34, 18, 654, 19, 13, ' Rampura Thana', 1),
(35, 18, 654, 19, 13, ' Sabujbagh Thana', 1),
(36, 18, 654, 19, 13, ' Savar Upazila', 1),
(37, 18, 654, 19, 13, ' Shah Ali Thana', 1),
(38, 18, 654, 19, 13, ' Shahbag Thana', 1),
(39, 18, 654, 19, 13, ' Sher-E-Bangla Nagar Thana', 1),
(40, 18, 654, 19, 13, ' Shyampur Thana', 1),
(41, 18, 654, 19, 13, ' Sutrapur Thana', 1),
(42, 18, 654, 19, 13, ' Tejgaon Thana', 1),
(43, 18, 654, 19, 13, ' Mohakhali Thana', 1),
(44, 18, 654, 19, 13, ' Tejgaon Industrial Area Thana', 1),
(45, 18, 654, 19, 13, ' Turag Thana', 1),
(46, 18, 654, 19, 13, ' Uttara Thana', 1),
(47, 18, 654, 19, 13, ' Uttar Khan Thana ', 1),
(48, 18, 654, 24, 15, 'Alfadanga Upazila', 1),
(49, 18, 654, 24, 15, 'Bhanga Upazila', 1),
(50, 18, 654, 24, 15, 'Boalmari Upazila', 1),
(51, 18, 654, 24, 15, 'Charbhadrasan Upazila', 1),
(52, 18, 654, 24, 15, 'Faridpur Sadar Upazila', 1),
(53, 18, 654, 24, 15, 'Madhukhali Upazila', 1),
(54, 18, 654, 24, 15, 'Nagarkanda Upazila', 1),
(55, 18, 654, 24, 15, 'Sadarpur Upazila', 1),
(56, 18, 654, 24, 15, 'Saltha Upazila', 1),
(57, 18, 654, 21, 18, 'Gazipur Sadar Upazila', 1),
(58, 18, 654, 21, 18, 'Kaliakair Upazila', 1),
(59, 18, 654, 21, 18, 'Kaliganj Upazila', 1),
(60, 18, 654, 21, 18, 'Kapasia Upazila', 1),
(61, 18, 654, 21, 18, 'Tongi Upazila', 1),
(62, 18, 654, 21, 18, 'Sreepur Upazila', 1),
(63, 18, 654, 24, 19, 'Gopalganj Sadar Upazila', 1),
(64, 18, 654, 24, 19, 'Kashiani Upazila', 1),
(65, 18, 654, 24, 19, 'Kotalipara Upazila', 1),
(66, 18, 654, 24, 19, 'Muksudpur Upazila', 1),
(67, 18, 654, 24, 19, 'Tungipara Upazila', 1),
(68, 18, 654, 25, 21, 'Baksiganj Upazila', 1),
(69, 18, 654, 25, 21, 'Dewanganj Upazila', 1),
(70, 18, 654, 25, 21, 'Islampur Upazila', 1),
(71, 18, 654, 25, 21, 'Jamalpur Sadar Upazila', 1),
(72, 18, 654, 25, 21, 'Madarganj Upazila', 1),
(73, 18, 654, 25, 21, 'Melandaha Upazila', 1),
(74, 18, 654, 25, 21, 'Sarishabari Upazila', 1),
(75, 18, 654, 26, 27, 'Astagram Upazila', 1),
(76, 18, 654, 26, 27, 'Bajitpur Upazila', 1),
(77, 18, 654, 26, 27, 'Bhairab Upazila', 1),
(78, 18, 654, 26, 27, 'Hossainpur Upazila', 1),
(79, 18, 654, 26, 27, 'Itna Upazila', 1),
(80, 18, 654, 26, 27, 'Karimganj Upazila', 1),
(81, 18, 654, 26, 27, 'Katiadi Upazila', 1),
(82, 18, 654, 26, 27, 'Kishoreganj Sadar Upazila', 1),
(83, 18, 654, 26, 27, 'Kuliarchar Upazila', 1),
(84, 18, 654, 26, 27, ' Mithamain Upazila', 1),
(85, 18, 654, 26, 27, ' Nikli Upazila', 1),
(86, 18, 654, 26, 27, ' Pakundia Upazila', 1),
(87, 18, 654, 26, 27, ' Tarail Upazila', 1),
(88, 18, 654, 28, 32, 'Rajoir Upazila', 1),
(89, 18, 654, 28, 32, 'Madaripur Sadar Upazila', 1),
(90, 18, 654, 28, 32, 'Kalkini Upazila', 1),
(91, 18, 654, 28, 32, 'Shibchar Upazila', 1),
(92, 18, 654, 27, 34, 'Daulatpur Upazila', 1),
(93, 18, 654, 27, 34, 'Ghior Upazila', 1),
(94, 18, 654, 27, 34, 'Harirampur Upazila', 1),
(95, 18, 654, 27, 34, 'Manikgonj Sadar Upazila', 1),
(96, 18, 654, 27, 34, 'Saturia Upazila', 1),
(97, 18, 654, 27, 34, 'Shivalaya Upazila', 1),
(98, 18, 654, 27, 34, 'Singair Upazila', 1),
(99, 18, 654, 29, 37, 'Gazaria Upazila', 1),
(100, 18, 654, 29, 37, 'Lohajang Upazila', 1),
(101, 18, 654, 29, 37, 'Munshiganj Sadar Upazila', 1),
(102, 18, 654, 29, 37, 'Sirajdikhan Upazila', 1),
(103, 18, 654, 29, 37, 'Sreenagar Upazila', 1),
(104, 18, 654, 29, 37, 'Tongibari Upazila', 1),
(105, 18, 654, 20, 41, 'Araihazar Upazila', 1),
(106, 18, 654, 20, 41, 'Bandar Upazila', 1),
(107, 18, 654, 20, 41, 'Narayanganj Sadar Upazila', 1),
(108, 18, 654, 20, 41, 'Rupganj Upazila', 1),
(109, 18, 654, 20, 41, 'Sonargaon Upazila', 1),
(110, 18, 654, 20, 41, 'Fatullah Upazila', 1),
(111, 18, 654, 20, 41, 'Siddhirganj Upazila', 1),
(112, 18, 654, 32, 45, 'Atpara Upazila', 1),
(113, 18, 654, 32, 45, 'Barhatta Upazila', 1),
(114, 18, 654, 32, 45, 'Durgapur Upazila', 1),
(115, 18, 654, 32, 45, 'Khaliajuri Upazila', 1),
(116, 18, 654, 32, 45, 'Kalmakanda Upazila', 1),
(117, 18, 654, 32, 45, 'Kendua Upazila', 1),
(118, 18, 654, 32, 45, 'Madan Upazila', 1),
(119, 18, 654, 32, 45, 'Mohanganj Upazila', 1),
(120, 18, 654, 32, 45, 'Netrokona Sadar Upazila', 1),
(121, 18, 654, 32, 45, ' Purbadhala Upazila', 1),
(122, 18, 654, 33, 52, 'Baliakandi Upazila', 1),
(123, 18, 654, 33, 52, 'Goalandaghat Upazila', 1),
(124, 18, 654, 33, 52, 'Pangsha Upazila', 1),
(125, 18, 654, 33, 52, 'Rajbari Sadar Upazila', 1),
(126, 18, 654, 33, 52, 'Kalukhali Upazila', 1),
(127, 18, 654, 34, 57, 'Bhedarganj Upazila', 1),
(128, 18, 654, 34, 57, 'Damudya Upazila', 1),
(129, 18, 654, 34, 57, 'Gosairhat Upazila', 1),
(130, 18, 654, 34, 57, 'Naria Upazila', 1),
(131, 18, 654, 34, 57, 'Shariatpur Sadar Upazila', 1),
(132, 18, 654, 34, 57, 'Zanjira Upazila', 1),
(133, 18, 654, 34, 57, 'Sakhipur Upazila', 1),
(134, 18, 654, 35, 58, 'Jhenaigati Upazila', 1),
(135, 18, 654, 35, 58, 'Nakla Upazila', 1),
(136, 18, 654, 35, 58, 'Nalitabari Upazila', 1),
(137, 18, 654, 35, 58, 'Sherpur Sadar Upazila', 1),
(138, 18, 654, 35, 58, 'Sreebardi Upazila', 1),
(139, 18, 654, 36, 62, 'Gopalpur Upazila', 1),
(140, 18, 654, 36, 62, 'Basail Upazila', 1),
(141, 18, 654, 36, 62, 'Bhuapur Upazila', 1),
(142, 18, 654, 36, 62, 'Delduar Upazila', 1),
(143, 18, 654, 36, 62, 'Ghatail Upazila', 1),
(144, 18, 654, 36, 62, 'Kalihati Upazila', 1),
(145, 18, 654, 36, 62, 'Madhupur Upazila', 1),
(146, 18, 654, 36, 62, 'Mirzapur Upazila', 1),
(147, 18, 654, 36, 62, 'Nagarpur Upazila', 1),
(148, 18, 654, 36, 62, ' Sakhipur Upazila', 1),
(149, 18, 654, 36, 62, ' Dhanbari Upazila', 1),
(150, 18, 654, 36, 62, ' Tangail Sadar Upazila', 1),
(151, 18, 654, 31, 42, 'Narsingdi Sadar Upazila', 1),
(152, 18, 654, 31, 42, 'Belabo Upazila', 1),
(153, 18, 654, 31, 42, 'Monohardi Upazila', 1),
(154, 18, 654, 31, 42, 'Palash Upazila', 1),
(155, 18, 654, 31, 42, 'Raipura Upazila', 1),
(156, 18, 654, 31, 42, 'Shibpur Upazila', 1),
(157, 18, 657, 56, 6, 'Adamdighi Upazila', 1),
(158, 18, 657, 56, 6, 'Bogra Sadar Upazila', 1),
(159, 18, 657, 56, 6, 'Dhunat Upazila', 1),
(160, 18, 657, 56, 6, 'Dupchanchia Upazila', 1),
(161, 18, 657, 56, 6, 'Gabtali Upazila', 1),
(162, 18, 657, 56, 6, 'Kahaloo Upazila', 1),
(163, 18, 657, 56, 6, 'Nandigram Upazila', 1),
(164, 18, 657, 56, 6, 'Sariakandi Upazila', 1),
(165, 18, 657, 56, 6, 'Sahajanpur Upazila', 1),
(166, 18, 657, 56, 6, ' Sherpur Upazila', 1),
(167, 18, 657, 56, 6, ' Shibganj Upazila', 1),
(168, 18, 657, 56, 6, ' Sonatola Upazila', 1),
(169, 18, 657, 57, 24, 'Akkelpur Upazila', 1),
(170, 18, 657, 57, 24, 'Joypurhat Sadar Upazila', 1),
(171, 18, 657, 57, 24, 'Kalai Upazila', 1),
(172, 18, 657, 57, 24, 'Khetlal Upazila', 1),
(173, 18, 657, 57, 24, 'Panchbibi Upazila', 1),
(174, 18, 657, 58, 39, 'Atrai Upazila', 1),
(175, 18, 657, 58, 39, 'Badalgachhi Upazila', 1),
(176, 18, 657, 58, 39, 'Manda Upazila', 1),
(177, 18, 657, 58, 39, 'Dhamoirhat Upazila', 1),
(178, 18, 657, 58, 39, 'Mohadevpur Upazila', 1),
(179, 18, 657, 58, 39, 'Naogaon Sadar Upazila', 1),
(180, 18, 657, 58, 39, 'Niamatpur Upazila', 1),
(181, 18, 657, 58, 39, 'Patnitala Upazila', 1),
(182, 18, 657, 58, 39, 'Porsha Upazila', 1),
(183, 18, 657, 58, 39, ' Raninagar Upazila', 1),
(184, 18, 657, 58, 39, ' Sapahar Upazila', 1),
(185, 18, 657, 59, 43, 'Bagatipara Upazila', 1),
(186, 18, 657, 59, 43, 'Baraigram Upazila', 1),
(187, 18, 657, 59, 43, 'Gurudaspur Upazila', 1),
(188, 18, 657, 59, 43, 'Lalpur Upazila', 1),
(189, 18, 657, 59, 43, 'Natore Sadar Upazila', 1),
(190, 18, 657, 59, 43, 'Singra Upazila', 1),
(191, 18, 657, 59, 43, 'Naldanga Upazila', 1),
(192, 18, 657, 60, 44, 'Bholahat Upazila', 1),
(193, 18, 657, 60, 44, 'Gomastapur Upazila', 1),
(194, 18, 657, 60, 44, 'Nachole Upazila', 1),
(195, 18, 657, 60, 44, 'Nawabganj Sadar Upazila', 1),
(196, 18, 657, 60, 44, 'Shibganj Upazila', 1),
(197, 18, 657, 61, 48, 'Atgharia Upazila', 1),
(198, 18, 657, 61, 48, 'Bera Upazila', 1),
(199, 18, 657, 61, 48, 'Bhangura Upazila', 1),
(200, 18, 657, 61, 48, 'Chatmohar Upazila', 1),
(201, 18, 657, 61, 48, 'Faridpur Upazila', 1),
(202, 18, 657, 61, 48, 'Ishwardi Upazila', 1),
(203, 18, 657, 61, 48, 'Pabna Sadar Upazila', 1),
(204, 18, 657, 61, 48, 'Santhia Upazila', 1),
(205, 18, 657, 61, 48, 'Sujanagar Upazila', 1),
(206, 18, 657, 61, 48, ' Ataikula Upazila', 1),
(207, 18, 657, 61, 48, ' Aminpur Upazila', 1),
(208, 18, 657, 55, 53, 'Bagha Upazila', 1),
(209, 18, 657, 55, 53, 'Bagmara Upazila', 1),
(210, 18, 657, 55, 53, 'Charghat Upazila', 1),
(211, 18, 657, 55, 53, 'Durgapur Upazila', 1),
(212, 18, 657, 55, 53, 'Godagari Upazila', 1),
(213, 18, 657, 55, 53, 'Mohanpur Upazila', 1),
(214, 18, 657, 55, 53, 'Paba Upazila', 1),
(215, 18, 657, 55, 53, 'Puthia Upazila', 1),
(216, 18, 657, 55, 53, 'Tanore Upazila', 1),
(217, 18, 657, 62, 59, 'Belkuchi Upazila', 1),
(218, 18, 657, 62, 59, 'Chauhali Upazila', 1),
(219, 18, 657, 62, 59, 'Kamarkhanda Upazila', 1),
(220, 18, 657, 62, 59, 'Kazipur Upazila', 1),
(221, 18, 657, 62, 59, 'Raiganj Upazila', 1),
(222, 18, 657, 62, 59, 'Shahjadpur Upazila', 1),
(223, 18, 657, 62, 59, 'Sirajganj Sadar Upazila', 1),
(224, 18, 657, 62, 59, 'Tarash Upazila', 1),
(225, 18, 657, 62, 59, 'Ullahpara Upazila', 1),
(226, 18, 658, 65, 14, 'Birampur Upazila', 1),
(227, 18, 658, 65, 14, 'Birganj Upazila', 1),
(228, 18, 658, 65, 14, 'Biral Upazila', 1),
(229, 18, 658, 65, 14, 'Bochaganj Upazila', 1),
(230, 18, 658, 65, 14, 'Chirirbandar Upazila', 1),
(231, 18, 658, 65, 14, 'Phulbari Upazila', 1),
(232, 18, 658, 65, 14, 'Ghoraghat Upazila', 1),
(233, 18, 658, 65, 14, 'Hakimpur Upazila', 1),
(234, 18, 658, 65, 14, 'Kaharole Upazila', 1),
(235, 18, 658, 65, 14, ' Khansama Upazila', 1),
(236, 18, 658, 65, 14, ' Dinajpur Sadar Upazila', 1),
(237, 18, 658, 65, 14, ' Nawabganj Upazila', 1),
(238, 18, 658, 65, 14, ' Parbatipur Upazila', 1),
(239, 18, 658, 66, 17, 'Phulchhari Upazila', 1),
(240, 18, 658, 66, 17, 'Gaibandha Sadar Upazila', 1),
(241, 18, 658, 66, 17, 'Gobindaganj Upazila', 1),
(242, 18, 658, 66, 17, 'Palashbari Upazila', 1),
(243, 18, 658, 66, 17, 'Sadullapur Upazila', 1),
(244, 18, 658, 66, 17, 'Sughatta Upazila', 1),
(245, 18, 658, 66, 17, 'Sundarganj Upazila', 1),
(246, 18, 658, 67, 28, 'Bhurungamari Upazila', 1),
(247, 18, 658, 67, 28, 'Char Rajibpur Upazila', 1),
(248, 18, 658, 67, 28, 'Chilmari Upazila', 1),
(249, 18, 658, 67, 28, 'Phulbari Upazila', 1),
(250, 18, 658, 67, 28, 'Kurigram Sadar Upazila', 1),
(251, 18, 658, 67, 28, 'Nageshwari Upazila', 1),
(252, 18, 658, 67, 28, 'Rajarhat Upazila', 1),
(253, 18, 658, 67, 28, 'Raomari Upazila', 1),
(254, 18, 658, 67, 28, 'Ulipur Upazila', 1),
(255, 18, 658, 68, 31, 'Aditmari Upazila', 1),
(256, 18, 658, 68, 31, 'Hatibandha Upazila', 1),
(257, 18, 658, 68, 31, 'Kaliganj Upazila', 1),
(258, 18, 658, 68, 31, 'Lalmonirhat Sadar Upazila', 1),
(259, 18, 658, 68, 31, 'Patgram Upazila', 1),
(260, 18, 658, 69, 46, 'Dimla Upazila', 1),
(261, 18, 658, 69, 46, 'Domar Upazila', 1),
(262, 18, 658, 69, 46, 'Jaldhaka Upazila', 1),
(263, 18, 658, 69, 46, 'Kishoreganj Upazila', 1),
(264, 18, 658, 69, 46, 'Nilphamari Sadar Upazila', 1),
(265, 18, 658, 69, 46, 'Saidpur Upazila', 1),
(266, 18, 658, 70, 49, 'Atwari Upazila', 1),
(267, 18, 658, 70, 49, 'Boda Upazila', 1),
(268, 18, 658, 70, 49, 'Debiganj Upazila', 1),
(269, 18, 658, 70, 49, 'Panchagarh Sadar Upazila', 1),
(270, 18, 658, 70, 49, 'Tetulia Upazila', 1),
(271, 18, 658, 63, 55, 'Badarganj Upazila', 1),
(272, 18, 658, 63, 55, 'Gangachhara Upazila', 1),
(273, 18, 658, 63, 55, 'Kaunia Upazila', 1),
(274, 18, 658, 63, 55, 'Rangpur Sadar Upazila', 1),
(275, 18, 658, 63, 55, 'Mithapukur Upazila', 1),
(276, 18, 658, 63, 55, 'Pirgachha Upazila', 1),
(277, 18, 658, 63, 55, 'Pirganj Upazila', 1),
(278, 18, 658, 63, 55, 'Taraganj Upazila', 1),
(279, 18, 658, 71, 63, 'Baliadangi Upazila', 1),
(280, 18, 658, 71, 63, 'Haripur Upazila', 1),
(281, 18, 658, 71, 63, 'Pirganj Upazila', 1),
(282, 18, 658, 71, 63, 'Ranisankail Upazila', 1),
(283, 18, 658, 71, 63, 'Thakurgaon Sadar Upazila', 1),
(284, 18, 655, 39, 3, 'Amtali Upazila', 1),
(285, 18, 655, 39, 3, 'Bamna Upazila', 1),
(286, 18, 655, 39, 3, 'Barguna Sadar Upazila', 1),
(287, 18, 655, 39, 3, 'Betagi Upazila', 1),
(288, 18, 655, 39, 3, 'Patharghata Upazila', 1),
(289, 18, 655, 39, 3, 'Taltoli Upazila', 1),
(290, 18, 655, 38, 4, 'Agailjhara Upazila', 1),
(291, 18, 655, 38, 4, 'Babuganj Upazila', 1),
(292, 18, 655, 38, 4, 'Bakerganj Upazila', 1),
(293, 18, 655, 38, 4, 'Banaripara Upazila', 1),
(294, 18, 655, 38, 4, 'Gaurnadi Upazila', 1),
(295, 18, 655, 38, 4, 'Hizla Upazila', 1),
(296, 18, 655, 38, 4, 'Barisal Sadar Upazila', 1),
(297, 18, 655, 38, 4, 'Mehendiganj Upazila', 1),
(298, 18, 655, 38, 4, 'Muladi Upazila', 1),
(299, 18, 655, 38, 4, ' Wazirpur Upazila', 1),
(300, 18, 655, 41, 5, 'Bhola Sadar Upazila', 1),
(301, 18, 655, 41, 5, 'Burhanuddin Upazila', 1),
(302, 18, 655, 41, 5, 'Char Fasson Upazila', 1),
(303, 18, 655, 41, 5, 'Daulatkhan Upazila', 1),
(304, 18, 655, 41, 5, 'Lalmohan Upazila', 1),
(305, 18, 655, 41, 5, 'Manpura Upazila', 1),
(306, 18, 655, 41, 5, 'Tazumuddin Upazila', 1),
(307, 18, 655, 42, 64, 'Jhalokati Sadar Upazila', 1),
(308, 18, 655, 42, 64, 'Kathalia Upazila', 1),
(309, 18, 655, 42, 64, 'Nalchity Upazila', 1),
(310, 18, 655, 42, 64, 'Rajapur Upazila', 1),
(311, 18, 655, 43, 50, 'Bauphal Upazila', 1),
(312, 18, 655, 43, 50, 'Dasmina Upazila', 1),
(313, 18, 655, 43, 50, 'Galachipa Upazila', 1),
(314, 18, 655, 43, 50, 'Kalapara Upazila', 1),
(315, 18, 655, 43, 50, 'Mirzaganj Upazila', 1),
(316, 18, 655, 43, 50, 'Patuakhali Sadar Upazila', 1),
(317, 18, 655, 43, 50, 'Rangabali Upazila', 1),
(318, 18, 655, 43, 50, 'Dumki Upazila', 1),
(319, 18, 655, 44, 51, 'Bhandaria Upazila', 1),
(320, 18, 655, 44, 51, 'Kawkhali Upazila', 1),
(321, 18, 655, 44, 51, 'Mathbaria Upazila', 1),
(322, 18, 655, 44, 51, 'Nazirpur Upazila', 1),
(323, 18, 655, 44, 51, 'Pirojpur Sadar Upazila', 1),
(324, 18, 655, 44, 51, 'Nesarabad (Swarupkati) Upazila', 1),
(325, 18, 655, 44, 51, 'Zianagor Upazila', 1),
(326, 18, 653, 3, 2, 'Ali Kadam Upazila', 1),
(327, 18, 653, 3, 2, 'Bandarban Sadar Upazila', 1),
(328, 18, 653, 3, 2, 'Lama Upazila', 1),
(329, 18, 653, 3, 2, 'Naikhongchhari Upazila', 1),
(330, 18, 653, 3, 2, 'Rowangchhari Upazila', 1),
(331, 18, 653, 3, 2, 'Ruma Upazila', 1),
(332, 18, 653, 3, 2, 'Thanchi Upazila', 1),
(333, 18, 653, 4, 7, 'Akhaura Upazila', 1),
(334, 18, 653, 4, 7, 'Bancharampur Upazila', 1),
(335, 18, 653, 4, 7, 'Brahmanbaria Sadar Upazila', 1),
(336, 18, 653, 4, 7, 'Kasba Upazila', 1),
(337, 18, 653, 4, 7, 'Nabinagar Upazila', 1),
(338, 18, 653, 4, 7, 'Nasirnagar Upazila', 1),
(339, 18, 653, 4, 7, 'Sarail Upazila', 1),
(340, 18, 653, 4, 7, 'Ashuganj Upazila', 1),
(341, 18, 653, 4, 7, 'Bijoynagar Upazila', 1),
(342, 18, 653, 7, 8, 'Chandpur Sadar Upazila', 1),
(343, 18, 653, 7, 8, 'Faridganj Upazila', 1),
(344, 18, 653, 7, 8, 'Haimchar Upazila', 1),
(345, 18, 653, 7, 8, 'Haziganj Upazila', 1),
(346, 18, 653, 7, 8, 'Kachua Upazila', 1),
(347, 18, 653, 7, 8, 'Matlab Upazila', 1),
(348, 18, 653, 7, 8, 'Matlob Uttar Upazila', 1),
(349, 18, 653, 7, 8, 'Shahrasti Upazila', 1),
(350, 18, 653, 17, 9, 'Anwara Upazila', 1),
(351, 18, 653, 17, 9, 'Banshkhali Upazila', 1),
(352, 18, 653, 17, 9, 'Boalkhali Upazila', 1),
(353, 18, 653, 17, 9, 'Chandanaish Upazila', 1),
(354, 18, 653, 17, 9, 'Fatikchhari Upazila', 1),
(355, 18, 653, 17, 9, 'Hathazari Upazila', 1),
(356, 18, 653, 17, 9, 'Lohagara Upazila', 1),
(357, 18, 653, 17, 9, 'Mirsharai Upazila', 1),
(358, 18, 653, 17, 9, 'Patiya Upazila', 1),
(359, 18, 653, 17, 9, ' Rangunia Upazila', 1),
(360, 18, 653, 17, 9, ' Raozan Upazila', 1),
(361, 18, 653, 17, 9, ' Sandwip Upazila', 1),
(362, 18, 653, 17, 9, ' Satkania Upazila', 1),
(363, 18, 653, 17, 9, ' Sitakunda Upazila', 1),
(364, 18, 653, 18, 11, 'Barura Upazila', 1),
(365, 18, 653, 18, 11, 'Brahmanpara Upazila', 1),
(366, 18, 653, 18, 11, 'Burichong Upazila', 1),
(367, 18, 653, 18, 11, 'Chandina Upazila', 1),
(368, 18, 653, 18, 11, 'Chauddagram Upazila', 1),
(369, 18, 653, 18, 11, 'Daudkandi Upazila', 1),
(370, 18, 653, 18, 11, 'Debidwar Upazila', 1),
(371, 18, 653, 18, 11, 'Homna Upazila', 1),
(372, 18, 653, 18, 11, 'Laksam Upazila', 1),
(373, 18, 653, 18, 11, ' Muradnagar Upazila', 1),
(374, 18, 653, 18, 11, ' Nangalkot Upazila', 1),
(375, 18, 653, 18, 11, ' Comilla Sadar Upazila', 1),
(376, 18, 653, 18, 11, ' Meghna Upazila', 1),
(377, 18, 653, 18, 11, ' Titas Upazila', 1),
(378, 18, 653, 18, 11, ' Monohargonj Upazila', 1),
(379, 18, 653, 18, 11, ' Sadar South Upazila', 1),
(380, 18, 653, 18, 11, ' Bangodda Upazila', 1),
(381, 18, 653, 2, 12, 'Chakaria Upazila', 1),
(382, 18, 653, 2, 12, 'Cox''s Bazar Sadar Upazila', 1),
(383, 18, 653, 2, 12, 'Kutubdia Upazila', 1),
(384, 18, 653, 2, 12, 'Maheshkhali Upazila', 1),
(385, 18, 653, 2, 12, 'Ramu Upazila', 1),
(386, 18, 653, 2, 12, 'Teknaf Upazila', 1),
(387, 18, 653, 2, 12, 'Ukhia Upazila', 1),
(388, 18, 653, 2, 12, 'Pekua Upazila', 1),
(389, 18, 653, 9, 16, 'Chhagalnaiya Upazila', 1),
(390, 18, 653, 9, 16, 'Daganbhuiyan Upazila', 1),
(391, 18, 653, 9, 16, 'Feni Sadar Upazila', 1),
(392, 18, 653, 9, 16, 'Parshuram Upazila', 1),
(393, 18, 653, 9, 16, 'Sonagazi Upazila', 1),
(394, 18, 653, 9, 16, 'Fulgazi Upazila', 1),
(395, 18, 653, 10, 25, 'Dighinala Upazila', 1),
(396, 18, 653, 10, 25, 'Khagrachhari Upazila', 1),
(397, 18, 653, 10, 25, 'Lakshmichhari Upazila', 1),
(398, 18, 653, 10, 25, 'Mahalchhari Upazila', 1),
(399, 18, 653, 10, 25, 'Manikchhari Upazila', 1),
(400, 18, 653, 10, 25, 'Matiranga Upazila', 1),
(401, 18, 653, 10, 25, 'Panchhari Upazila', 1),
(402, 18, 653, 10, 25, 'Ramgarh Upazila', 1),
(403, 18, 653, 12, 30, 'Lakshmipur Sadar Upazila', 1),
(404, 18, 653, 12, 30, 'Raipur Upazila', 1),
(405, 18, 653, 12, 30, 'Ramganj Upazila', 1),
(406, 18, 653, 12, 30, 'Ramgati Upazila', 1),
(407, 18, 653, 12, 30, 'Komolnagar Upazila', 1),
(408, 18, 653, 9, 47, 'Begumganj Upazila', 1),
(409, 18, 653, 9, 47, 'Noakhali Sadar Upazila', 1),
(410, 18, 653, 9, 47, 'Chatkhil Upazila', 1),
(411, 18, 653, 9, 47, 'Companiganj Upazila', 1),
(412, 18, 653, 9, 47, 'Hatiya Upazila', 1),
(413, 18, 653, 9, 47, 'Senbagh Upazila', 1),
(414, 18, 653, 9, 47, 'Sonaimuri Upazila', 1),
(415, 18, 653, 9, 47, 'Subarnachar Upazila', 1),
(416, 18, 653, 9, 47, 'Kabirhat Upazila', 1),
(417, 18, 653, 14, 54, 'Bagaichhari Upazila', 1),
(418, 18, 653, 14, 54, 'Barkal Upazila', 1),
(419, 18, 653, 14, 54, 'Kawkhali (Betbunia) Upazila', 1),
(420, 18, 653, 14, 54, 'Belaichhari Upazila', 1),
(421, 18, 653, 14, 54, 'Kaptai Upazila', 1),
(422, 18, 653, 14, 54, 'Juraichhari Upazila', 1),
(423, 18, 653, 14, 54, 'Langadu Upazila', 1),
(424, 18, 653, 14, 54, 'Mannerchar Upazila', 1),
(425, 18, 653, 14, 54, 'Rajasthali Upazila', 1),
(426, 18, 653, 14, 54, ' Rangamati Sadar Upazila', 1),
(427, 18, 659, 73, 20, 'Ajmiriganj Upazila', 1),
(428, 18, 659, 73, 20, 'Bahubal Upazila', 1),
(429, 18, 659, 73, 20, 'Baniyachong Upazila', 1),
(430, 18, 659, 73, 20, 'Chunarughat Upazila', 1),
(431, 18, 659, 73, 20, 'Habiganj Sadar Upazila', 1),
(432, 18, 659, 73, 20, 'Lakhai Upazila', 1),
(433, 18, 659, 73, 20, 'Madhabpur Upazila', 1),
(434, 18, 659, 73, 20, 'Nabiganj Upazila', 1),
(435, 18, 659, 72, 35, 'Barlekha Upazila', 1),
(436, 18, 659, 72, 35, 'Kamalganj Upazila', 1),
(437, 18, 659, 72, 35, 'Kulaura Upazila', 1),
(438, 18, 659, 72, 35, 'Moulvibazar Sadar Upazila', 1),
(439, 18, 659, 72, 35, 'Rajnagar Upazila', 1),
(440, 18, 659, 72, 35, 'Sreemangal Upazila', 1),
(441, 18, 659, 72, 35, 'Juri Upazila', 1),
(442, 18, 659, 72, 60, 'Bishwamvarpur Upazila', 1),
(443, 18, 659, 72, 60, 'Chhatak Upazila', 1),
(444, 18, 659, 72, 60, 'Derai Upazila', 1),
(445, 18, 659, 72, 60, 'Dharampasha Upazila', 1),
(446, 18, 659, 72, 60, 'Dowarabazar Upazila', 1),
(447, 18, 659, 72, 60, 'Jagannathpur Upazila', 1),
(448, 18, 659, 72, 60, 'Jamalganj Upazila', 1),
(449, 18, 659, 72, 60, 'Sullah Upazila', 1),
(450, 18, 659, 72, 60, 'Sunamganj Sadar Upazila', 1),
(451, 18, 659, 72, 60, ' Tahirpur Upazila', 1),
(452, 18, 659, 72, 60, ' South Sunamganj Upazila', 1),
(453, 18, 659, 72, 61, 'Balaganj Upazila', 1),
(454, 18, 659, 72, 61, 'Beanibazar Upazila', 1),
(455, 18, 659, 72, 61, 'Bishwanath Upazila', 1),
(456, 18, 659, 72, 61, 'Companigonj Upazila', 1),
(457, 18, 659, 72, 61, 'Fenchuganj Upazila', 1),
(458, 18, 659, 72, 61, 'Golapganj Upazila', 1),
(459, 18, 659, 72, 61, 'Gowainghat Upazila', 1),
(460, 18, 659, 72, 61, 'Jaintiapur Upazila', 1),
(461, 18, 659, 72, 61, 'Kanaighat Upazila', 1),
(462, 18, 659, 72, 61, ' Sylhet Sadar Upazila', 1),
(463, 18, 659, 72, 61, ' Zakiganj Upazila', 1),
(464, 18, 659, 72, 61, ' South Shurma Upazila', 1),
(465, 18, 656, 46, 1, 'Bagerhat Sadar Upazila', 1),
(466, 18, 656, 46, 1, 'Chitalmari Upazila', 1),
(467, 18, 656, 46, 1, 'Fakirhat Upazila', 1),
(468, 18, 656, 46, 1, 'Kachua Upazila', 1),
(469, 18, 656, 46, 1, 'Mollahat Upazila', 1),
(470, 18, 656, 46, 1, 'Mongla Upazila', 1),
(471, 18, 656, 46, 1, 'Morrelganj Upazila', 1),
(472, 18, 656, 46, 1, 'Rampal Upazila', 1),
(473, 18, 656, 46, 1, 'Sarankhola Upazila', 1),
(474, 18, 656, 47, 10, 'Alamdanga Upazila', 1),
(475, 18, 656, 47, 10, 'Chuadanga Sadar Upazila', 1),
(476, 18, 656, 47, 10, 'Damurhuda Upazila', 1),
(477, 18, 656, 47, 10, 'Jibannagar Upazila', 1),
(478, 18, 656, 48, 22, 'Abhaynagar Upazila', 1),
(479, 18, 656, 48, 22, 'Bagherpara Upazila', 1),
(480, 18, 656, 48, 22, 'Chaugachha Upazila', 1),
(481, 18, 656, 48, 22, 'Jhikargachha Upazila', 1),
(482, 18, 656, 48, 22, 'Keshabpur Upazila', 1),
(483, 18, 656, 48, 22, 'Jessore Sadar Upazila', 1),
(484, 18, 656, 48, 22, 'Manirampur Upazila', 1),
(485, 18, 656, 48, 22, 'Sharsha Upazila', 1),
(486, 18, 656, 49, 23, 'Harinakunda Upazila', 1),
(487, 18, 656, 49, 23, 'Jhenaidah Sadar Upazila', 1),
(488, 18, 656, 49, 23, 'Kaliganj Upazila', 1),
(489, 18, 656, 49, 23, 'Kotchandpur Upazila', 1),
(490, 18, 656, 49, 23, 'Maheshpur Upazila', 1),
(491, 18, 656, 49, 23, 'Shailkupa Upazila', 1),
(492, 18, 656, 45, 26, 'Batiaghata Upazila', 1),
(493, 18, 656, 45, 26, 'Dacope Upazila', 1),
(494, 18, 656, 45, 26, 'Dumuria Upazila', 1),
(495, 18, 656, 45, 26, 'Dighalia Upazila', 1),
(496, 18, 656, 45, 26, 'Koyra Upazila', 1),
(497, 18, 656, 45, 26, 'Paikgachha Upazila', 1),
(498, 18, 656, 45, 26, 'Phultala Upazila', 1),
(499, 18, 656, 45, 26, 'Rupsha Upazila', 1),
(500, 18, 656, 45, 26, 'Terokhada Upazila', 1),
(501, 18, 656, 45, 26, ' Khulna Sadar Thana', 1),
(502, 18, 656, 45, 26, ' Boyra Thana', 1),
(503, 18, 656, 50, 29, 'Bheramara Upazila', 1),
(504, 18, 656, 50, 29, 'Daulatpur Upazila', 1),
(505, 18, 656, 50, 29, 'Khoksa Upazila', 1),
(506, 18, 656, 50, 29, 'Kumarkhali Upazila', 1),
(507, 18, 656, 50, 29, 'Kushtia Sadar Upazila', 1),
(508, 18, 656, 50, 29, 'Mirpur Upazila', 1),
(509, 18, 656, 50, 29, 'Shekhpara Upazila', 1),
(510, 18, 656, 51, 33, 'Magura Sadar Upazila', 1),
(511, 18, 656, 51, 33, 'Mohammadpur Upazila', 1),
(512, 18, 656, 51, 33, 'Shalikha Upazila', 1),
(513, 18, 656, 51, 33, 'Sreepur Upazila', 1),
(514, 18, 656, 52, 36, 'Gangni Upazila', 1),
(515, 18, 656, 52, 36, 'Meherpur Sadar Upazila', 1),
(516, 18, 656, 52, 36, 'Mujibnagar Upazila', 1),
(517, 18, 656, 53, 40, 'Kalia Upazila', 1),
(518, 18, 656, 53, 40, 'Lohagara Upazila', 1),
(519, 18, 656, 53, 40, 'Narail Sadar Upazila', 1),
(520, 18, 656, 53, 40, 'Naragati Thana', 1),
(521, 18, 656, 54, 56, 'Assasuni Upazila', 1),
(522, 18, 656, 54, 56, 'Debhata Upazila', 1),
(523, 18, 656, 54, 56, 'Kalaroa Upazila', 1),
(524, 18, 656, 54, 56, 'Kaliganj Upazila', 1),
(525, 18, 656, 54, 56, 'Satkhira Sadar Upazila', 1),
(526, 18, 656, 54, 56, 'Shyamnagar Upazila', 1),
(527, 18, 656, 54, 56, 'Tala Upazila', 1);

-- --------------------------------------------------------

--
-- Table structure for table `os_user`
--

DROP TABLE IF EXISTS `os_user`;
CREATE TABLE IF NOT EXISTS `os_user` (
  `id` int(11) NOT NULL AUTO_INCREMENT,
  `username` varchar(255) COLLATE utf8_unicode_ci NOT NULL,
  `auth_key` varchar(32) COLLATE utf8_unicode_ci NOT NULL,
  `password_hash` varchar(255) COLLATE utf8_unicode_ci NOT NULL,
  `password_reset_token` varchar(255) COLLATE utf8_unicode_ci DEFAULT NULL,
  `email` varchar(255) COLLATE utf8_unicode_ci NOT NULL,
  `status` smallint(6) NOT NULL DEFAULT '10',
  `created_at` int(11) NOT NULL,
  `updated_at` int(11) NOT NULL,
  PRIMARY KEY (`id`)
) ENGINE=InnoDB  DEFAULT CHARSET=utf8 COLLATE=utf8_unicode_ci AUTO_INCREMENT=2 ;

--
-- Dumping data for table `os_user`
--

INSERT INTO `os_user` (`id`, `username`, `auth_key`, `password_hash`, `password_reset_token`, `email`, `status`, `created_at`, `updated_at`) VALUES
(1, 'admin', 'zzyVgxp9XQ5DmS0E7ceKWk3jnHnCa4zy', '$2y$13$Z5KkRlUMeiV9URgfgWOp6.dzGSFmN50HyjXVxrC0bLKSOMqkS3Fqi', NULL, 'saidurwd@gmail.com', 10, 1422435282, 1422435282);

-- --------------------------------------------------------

--
-- Table structure for table `os_user_group`
--

DROP TABLE IF EXISTS `os_user_group`;
CREATE TABLE IF NOT EXISTS `os_user_group` (
  `id` int(10) NOT NULL AUTO_INCREMENT COMMENT 'ID',
  `title` varchar(150) NOT NULL COMMENT 'Group',
  `details` text COMMENT 'Details',
  PRIMARY KEY (`id`),
  UNIQUE KEY `idx_usergroup_parent_title_lookup` (`title`),
  KEY `idx_usergroup_title_lookup` (`title`)
) ENGINE=InnoDB  DEFAULT CHARSET=utf8 AUTO_INCREMENT=4 ;

--
-- Dumping data for table `os_user_group`
--

INSERT INTO `os_user_group` (`id`, `title`, `details`) VALUES
(1, 'Super Users', NULL),
(2, 'Administrator', NULL),
(3, 'Store Owner', NULL);

-- --------------------------------------------------------

--
-- Table structure for table `os_user_status`
--

DROP TABLE IF EXISTS `os_user_status`;
CREATE TABLE IF NOT EXISTS `os_user_status` (
  `id` int(11) NOT NULL AUTO_INCREMENT COMMENT 'ID',
  `title` varchar(100) CHARACTER SET latin1 NOT NULL COMMENT 'Status',
  PRIMARY KEY (`id`)
) ENGINE=InnoDB  DEFAULT CHARSET=utf8 COLLATE=utf8_unicode_ci AUTO_INCREMENT=5 ;

--
-- Dumping data for table `os_user_status`
--

INSERT INTO `os_user_status` (`id`, `title`) VALUES
(1, 'Active'),
(2, 'Not Active'),
(3, 'Blocked'),
(4, 'Expired');

-- --------------------------------------------------------

--
-- Table structure for table `os_weblink`
--

DROP TABLE IF EXISTS `os_weblink`;
CREATE TABLE IF NOT EXISTS `os_weblink` (
  `id` int(10) NOT NULL AUTO_INCREMENT COMMENT 'ID',
  `category` varchar(250) COLLATE utf8_unicode_ci NOT NULL COMMENT 'Category',
  `title` varchar(255) COLLATE utf8_unicode_ci NOT NULL COMMENT 'Title',
  `details` text COLLATE utf8_unicode_ci COMMENT 'Details',
  `click_url` varchar(250) COLLATE utf8_unicode_ci DEFAULT NULL COMMENT 'URL',
  `created_on` timestamp NULL DEFAULT NULL COMMENT 'Created On',
  `created_by` int(11) DEFAULT NULL COMMENT 'Created By',
  `hits` int(11) DEFAULT NULL COMMENT 'Hits',
  `status` tinyint(1) DEFAULT '1' COMMENT 'Status',
  PRIMARY KEY (`id`)
) ENGINE=InnoDB DEFAULT CHARSET=utf8 COLLATE=utf8_unicode_ci AUTO_INCREMENT=1 ;

-- --------------------------------------------------------

--
-- Table structure for table `os_weblink_category`
--

DROP TABLE IF EXISTS `os_weblink_category`;
CREATE TABLE IF NOT EXISTS `os_weblink_category` (
  `id` int(11) NOT NULL AUTO_INCREMENT COMMENT 'ID',
  `parent` int(11) DEFAULT '0' COMMENT 'Parent',
  `title` varchar(255) NOT NULL COMMENT 'Category',
  `details` text COMMENT 'Details',
  `status` tinyint(1) DEFAULT '1' COMMENT 'Status',
  PRIMARY KEY (`id`),
  KEY `cat_idx` (`status`)
) ENGINE=InnoDB DEFAULT CHARSET=utf8 AUTO_INCREMENT=1 ;

--
-- Constraints for dumped tables
--

--
-- Constraints for table `os_city`
--
ALTER TABLE `os_city`
  ADD CONSTRAINT `city_country` FOREIGN KEY (`country_id`) REFERENCES `os_country` (`id`) ON DELETE CASCADE ON UPDATE CASCADE,
  ADD CONSTRAINT `city_state` FOREIGN KEY (`state_id`) REFERENCES `os_state` (`id`) ON DELETE CASCADE ON UPDATE CASCADE;

--
-- Constraints for table `os_district`
--
ALTER TABLE `os_district`
  ADD CONSTRAINT `district_city` FOREIGN KEY (`city_id`) REFERENCES `os_city` (`id`) ON DELETE CASCADE ON UPDATE CASCADE,
  ADD CONSTRAINT `district_country` FOREIGN KEY (`country_id`) REFERENCES `os_country` (`id`) ON DELETE CASCADE ON UPDATE CASCADE,
  ADD CONSTRAINT `district_state` FOREIGN KEY (`state_id`) REFERENCES `os_state` (`id`) ON DELETE CASCADE ON UPDATE CASCADE;

--
-- Constraints for table `os_state`
--
ALTER TABLE `os_state`
  ADD CONSTRAINT `country_state` FOREIGN KEY (`country_id`) REFERENCES `os_country` (`id`) ON DELETE CASCADE ON UPDATE CASCADE;

--
-- Constraints for table `os_thana`
--
ALTER TABLE `os_thana`
  ADD CONSTRAINT `os_thana_ibfk_1` FOREIGN KEY (`country_id`) REFERENCES `os_country` (`id`) ON DELETE CASCADE ON UPDATE CASCADE,
  ADD CONSTRAINT `os_thana_ibfk_2` FOREIGN KEY (`state_id`) REFERENCES `os_state` (`id`) ON DELETE CASCADE ON UPDATE CASCADE,
  ADD CONSTRAINT `os_thana_ibfk_3` FOREIGN KEY (`city_id`) REFERENCES `os_city` (`id`) ON DELETE CASCADE ON UPDATE CASCADE,
  ADD CONSTRAINT `os_thana_ibfk_4` FOREIGN KEY (`district_id`) REFERENCES `os_district` (`id`) ON DELETE CASCADE ON UPDATE CASCADE;

/*!40101 SET CHARACTER_SET_CLIENT=@OLD_CHARACTER_SET_CLIENT */;
/*!40101 SET CHARACTER_SET_RESULTS=@OLD_CHARACTER_SET_RESULTS */;
/*!40101 SET COLLATION_CONNECTION=@OLD_COLLATION_CONNECTION */;
